# How many members against how many parameters: four functions at two, four and
# eight parameters, N over the multiples of the parameter count between 4 and
# 32, budgets of 240 and 600 with 1200 added at eight parameters, 12 seeds.
# date: 2026-09-19
# commit: 24e7d0a
# command: python benchmarks/de_pipeline.py run dimension --out benchmarks/results/dimension.csv
variant,function,dimension,population_size,budget,seed,best,completed,submitted,dropped,starved,refills
generational,rastrigin,2,4,240,0,1.006654911919199,240,240,0,0,60
generational,rastrigin,2,4,240,1,3.2469003739484386,240,240,0,0,60
generational,rastrigin,2,4,240,2,1.9899257402197819,240,240,0,0,60
generational,rastrigin,2,4,240,3,2.0684464757342553,240,240,0,0,60
generational,rastrigin,2,4,240,4,0.0015089491995041726,240,240,0,0,60
generational,rastrigin,2,4,240,5,0.998082159622264,240,240,0,0,60
generational,rastrigin,2,4,240,6,3.9799820648158644,240,240,0,0,60
generational,rastrigin,2,4,240,7,2.215359583523629,240,240,0,0,60
generational,rastrigin,2,4,240,8,1.019368753180789,240,240,0,0,60
generational,rastrigin,2,4,240,9,4.023200202740739,240,240,0,0,60
generational,rastrigin,2,4,240,10,10.08646013225305,240,240,0,0,60
generational,rastrigin,2,4,240,11,0.9951229983376955,240,240,0,0,60
asynchronous,rastrigin,2,4,240,0,5.171075386828669,240,240,0,0,238
asynchronous,rastrigin,2,4,240,1,0.8118942923150136,240,240,0,0,238
asynchronous,rastrigin,2,4,240,2,0.9949590572211804,240,240,0,0,238
asynchronous,rastrigin,2,4,240,3,1.0466262420677914,240,240,0,0,238
asynchronous,rastrigin,2,4,240,4,9.95166448037946,240,240,0,0,238
asynchronous,rastrigin,2,4,240,5,1.0052186928283753,240,240,0,0,238
asynchronous,rastrigin,2,4,240,6,4.984864341873205,240,240,0,0,238
asynchronous,rastrigin,2,4,240,7,4.016273689377698,240,240,0,0,238
asynchronous,rastrigin,2,4,240,8,2.0153130987291625,240,240,0,0,238
asynchronous,rastrigin,2,4,240,9,4.974941115883171,240,240,0,0,238
asynchronous,rastrigin,2,4,240,10,0.9949599000035008,240,240,0,0,238
asynchronous,rastrigin,2,4,240,11,1.0717230211208495,240,240,0,0,238
generational,rastrigin,2,4,600,0,1.0060551598869267,600,600,0,0,150
generational,rastrigin,2,4,600,1,3.2468944973587988,600,600,0,0,150
generational,rastrigin,2,4,600,2,1.9899257340251673,600,600,0,0,150
generational,rastrigin,2,4,600,3,2.0682713997253828,600,600,0,0,150
generational,rastrigin,2,4,600,4,4.618527782440651e-13,600,600,0,0,150
generational,rastrigin,2,4,600,5,0.9956707979277724,600,600,0,0,150
generational,rastrigin,2,4,600,6,3.9798476103062654,600,600,0,0,150
generational,rastrigin,2,4,600,7,2.215352148430881,600,600,0,0,150
generational,rastrigin,2,4,600,8,1.0193638622853278,600,600,0,0,150
generational,rastrigin,2,4,600,9,4.021890914057451,600,600,0,0,150
generational,rastrigin,2,4,600,10,10.0856710797102,600,600,0,0,150
generational,rastrigin,2,4,600,11,0.9950297847768255,600,600,0,0,150
asynchronous,rastrigin,2,4,600,0,5.166831205506721,600,600,0,0,598
asynchronous,rastrigin,2,4,600,1,0.004391395536053722,600,600,0,0,598
asynchronous,rastrigin,2,4,600,2,0.9949590570932934,600,600,0,0,598
asynchronous,rastrigin,2,4,600,3,0.9976443029616071,600,600,0,0,598
asynchronous,rastrigin,2,4,600,4,9.950849505444056,600,600,0,0,598
asynchronous,rastrigin,2,4,600,5,0.9949590572445928,600,600,0,0,598
asynchronous,rastrigin,2,4,600,6,4.984209771219744,600,600,0,0,598
asynchronous,rastrigin,2,4,600,7,4.016233234961085,600,600,0,0,598
asynchronous,rastrigin,2,4,600,8,1.9899181142990088,600,600,0,0,598
asynchronous,rastrigin,2,4,600,9,4.974913821540696,600,600,0,0,598
asynchronous,rastrigin,2,4,600,10,0.9949590977604075,600,600,0,0,598
asynchronous,rastrigin,2,4,600,11,1.0698805316259943,600,600,0,0,598
generational,rastrigin,2,8,240,0,0.9949703669224483,240,240,0,0,30
generational,rastrigin,2,8,240,1,1.20753322825351e-05,240,240,0,0,30
generational,rastrigin,2,8,240,2,0.9958076650398127,240,240,0,0,30
generational,rastrigin,2,8,240,3,4.3928937074610985e-06,240,240,0,0,30
generational,rastrigin,2,8,240,4,2.3855837802955193e-06,240,240,0,0,30
generational,rastrigin,2,8,240,5,0.9950048968545673,240,240,0,0,30
generational,rastrigin,2,8,240,6,0.9949622918951597,240,240,0,0,30
generational,rastrigin,2,8,240,7,0.11725181789329042,240,240,0,0,30
generational,rastrigin,2,8,240,8,0.9949716320247681,240,240,0,0,30
generational,rastrigin,2,8,240,9,1.7530205276727884e-05,240,240,0,0,30
generational,rastrigin,2,8,240,10,0.002711332574190095,240,240,0,0,30
generational,rastrigin,2,8,240,11,0.9952356129174404,240,240,0,0,30
asynchronous,rastrigin,2,8,240,0,4.974792665350801,240,240,0,0,238
asynchronous,rastrigin,2,8,240,1,0.9949923082158953,240,240,0,0,238
asynchronous,rastrigin,2,8,240,2,0.019701200668677643,240,240,0,0,238
asynchronous,rastrigin,2,8,240,3,0.9953960950301806,240,240,0,0,238
asynchronous,rastrigin,2,8,240,4,1.9899192892346207,240,240,0,0,238
asynchronous,rastrigin,2,8,240,5,6.805888651584269e-05,240,240,0,0,238
asynchronous,rastrigin,2,8,240,6,0.9949880166045517,240,240,0,0,238
asynchronous,rastrigin,2,8,240,7,0.025560420516178795,240,240,0,0,238
asynchronous,rastrigin,2,8,240,8,4.215123679784938e-05,240,240,0,0,238
asynchronous,rastrigin,2,8,240,9,0.00043854378655439064,240,240,0,0,238
asynchronous,rastrigin,2,8,240,10,1.9899859042158496,240,240,0,0,238
asynchronous,rastrigin,2,8,240,11,0.9953794998413557,240,240,0,0,238
generational,rastrigin,2,8,600,0,0.9949590570932898,600,600,0,0,75
generational,rastrigin,2,8,600,1,0.0,600,600,0,0,75
generational,rastrigin,2,8,600,2,0.9949590570932969,600,600,0,0,75
generational,rastrigin,2,8,600,3,0.0,600,600,0,0,75
generational,rastrigin,2,8,600,4,0.0,600,600,0,0,75
generational,rastrigin,2,8,600,5,0.9949590570933005,600,600,0,0,75
generational,rastrigin,2,8,600,6,0.9949590570932898,600,600,0,0,75
generational,rastrigin,2,8,600,7,4.050093593832571e-13,600,600,0,0,75
generational,rastrigin,2,8,600,8,0.9949590570933253,600,600,0,0,75
generational,rastrigin,2,8,600,9,0.0,600,600,0,0,75
generational,rastrigin,2,8,600,10,0.0,600,600,0,0,75
generational,rastrigin,2,8,600,11,0.9949590570932898,600,600,0,0,75
asynchronous,rastrigin,2,8,600,0,4.974790247647377,600,600,0,0,598
asynchronous,rastrigin,2,8,600,1,0.9949590570932898,600,600,0,0,598
asynchronous,rastrigin,2,8,600,2,2.1316282072803006e-14,600,600,0,0,598
asynchronous,rastrigin,2,8,600,3,0.9949590570932898,600,600,0,0,598
asynchronous,rastrigin,2,8,600,4,1.9899181141865796,600,600,0,0,598
asynchronous,rastrigin,2,8,600,5,0.0,600,600,0,0,598
asynchronous,rastrigin,2,8,600,6,0.9949590570932898,600,600,0,0,598
asynchronous,rastrigin,2,8,600,7,7.105427357601002e-15,600,600,0,0,598
asynchronous,rastrigin,2,8,600,8,0.0,600,600,0,0,598
asynchronous,rastrigin,2,8,600,9,0.0,600,600,0,0,598
asynchronous,rastrigin,2,8,600,10,1.9899181141866684,600,600,0,0,598
asynchronous,rastrigin,2,8,600,11,0.9949590570932898,600,600,0,0,598
generational,rastrigin,2,16,240,0,0.09110062516189288,240,240,0,0,15
generational,rastrigin,2,16,240,1,0.8033790981883939,240,240,0,0,15
generational,rastrigin,2,16,240,2,1.126479561322654,240,240,0,0,15
generational,rastrigin,2,16,240,3,1.0006267011511625,240,240,0,0,15
generational,rastrigin,2,16,240,4,0.020844793788072025,240,240,0,0,15
generational,rastrigin,2,16,240,5,1.2166613690248447,240,240,0,0,15
generational,rastrigin,2,16,240,6,1.109957068895426,240,240,0,0,15
generational,rastrigin,2,16,240,7,8.07236120010657e-05,240,240,0,0,15
generational,rastrigin,2,16,240,8,0.37895877685256707,240,240,0,0,15
generational,rastrigin,2,16,240,9,0.09369351202022358,240,240,0,0,15
generational,rastrigin,2,16,240,10,3.8378179891552833,240,240,0,0,15
generational,rastrigin,2,16,240,11,0.41488487254499873,240,240,0,0,15
asynchronous,rastrigin,2,16,240,0,1.7567847856931493,240,240,0,0,238
asynchronous,rastrigin,2,16,240,1,0.10827719042121942,240,240,0,0,238
asynchronous,rastrigin,2,16,240,2,0.004026533150213396,240,240,0,0,238
asynchronous,rastrigin,2,16,240,3,0.11538039277466439,240,240,0,0,238
asynchronous,rastrigin,2,16,240,4,0.18914045388317646,240,240,0,0,238
asynchronous,rastrigin,2,16,240,5,2.1702281211927144,240,240,0,0,238
asynchronous,rastrigin,2,16,240,6,0.15003736204035434,240,240,0,0,238
asynchronous,rastrigin,2,16,240,7,1.2633890766757858,240,240,0,0,238
asynchronous,rastrigin,2,16,240,8,1.1822212992356498,240,240,0,0,238
asynchronous,rastrigin,2,16,240,9,0.7278961397802703,240,240,0,0,238
asynchronous,rastrigin,2,16,240,10,0.02657201161549949,240,240,0,0,238
asynchronous,rastrigin,2,16,240,11,0.37243180543322296,240,240,0,0,238
generational,rastrigin,2,16,600,0,7.94624419597767e-07,600,600,0,0,38
generational,rastrigin,2,16,600,1,6.556096067811268e-06,600,600,0,0,38
generational,rastrigin,2,16,600,2,0.9949592008012331,600,600,0,0,38
generational,rastrigin,2,16,600,3,0.9949590764974019,600,600,0,0,38
generational,rastrigin,2,16,600,4,9.904364262069976e-07,600,600,0,0,38
generational,rastrigin,2,16,600,5,0.9949590723618158,600,600,0,0,38
generational,rastrigin,2,16,600,6,0.9949591508968467,600,600,0,0,38
generational,rastrigin,2,16,600,7,8.826397390748753e-10,600,600,0,0,38
generational,rastrigin,2,16,600,8,9.107284237686031e-05,600,600,0,0,38
generational,rastrigin,2,16,600,9,8.43506661851734e-07,600,600,0,0,38
generational,rastrigin,2,16,600,10,0.00011767398972040155,600,600,0,0,38
generational,rastrigin,2,16,600,11,1.5242447659602476e-07,600,600,0,0,38
asynchronous,rastrigin,2,16,600,0,2.6306679501431063e-06,600,600,0,0,598
asynchronous,rastrigin,2,16,600,1,5.3574922276311554e-11,600,600,0,0,598
asynchronous,rastrigin,2,16,600,2,6.537703711728682e-11,600,600,0,0,598
asynchronous,rastrigin,2,16,600,3,3.426747596790847e-08,600,600,0,0,598
asynchronous,rastrigin,2,16,600,4,1.516318093308655e-08,600,600,0,0,598
asynchronous,rastrigin,2,16,600,5,0.9949590981025338,600,600,0,0,598
asynchronous,rastrigin,2,16,600,6,3.9842532828515687e-08,600,600,0,0,598
asynchronous,rastrigin,2,16,600,7,1.761065150418517e-05,600,600,0,0,598
asynchronous,rastrigin,2,16,600,8,2.5359963068183333e-05,600,600,0,0,598
asynchronous,rastrigin,2,16,600,9,5.2265669125972636e-08,600,600,0,0,598
asynchronous,rastrigin,2,16,600,10,1.381925329724254e-08,600,600,0,0,598
asynchronous,rastrigin,2,16,600,11,2.3460025033728016e-08,600,600,0,0,598
generational,rastrigin,2,32,240,0,1.5756882486969346,240,240,0,0,8
generational,rastrigin,2,32,240,1,2.868615461162161,240,240,0,0,8
generational,rastrigin,2,32,240,2,1.5715051335308559,240,240,0,0,8
generational,rastrigin,2,32,240,3,3.4686848905975722,240,240,0,0,8
generational,rastrigin,2,32,240,4,0.9294953770376928,240,240,0,0,8
generational,rastrigin,2,32,240,5,0.7973040777323455,240,240,0,0,8
generational,rastrigin,2,32,240,6,1.4966325121189392,240,240,0,0,8
generational,rastrigin,2,32,240,7,1.7030129043803015,240,240,0,0,8
generational,rastrigin,2,32,240,8,0.08732637060408166,240,240,0,0,8
generational,rastrigin,2,32,240,9,2.1472290404645875,240,240,0,0,8
generational,rastrigin,2,32,240,10,0.44516587193299983,240,240,0,0,8
generational,rastrigin,2,32,240,11,4.408409293929848,240,240,0,0,8
asynchronous,rastrigin,2,32,240,0,1.343391086579544,240,240,0,0,238
asynchronous,rastrigin,2,32,240,1,2.610936565151139,240,240,0,0,238
asynchronous,rastrigin,2,32,240,2,1.2978221858499666,240,240,0,0,238
asynchronous,rastrigin,2,32,240,3,3.7368500624081307,240,240,0,0,238
asynchronous,rastrigin,2,32,240,4,0.9294953770376928,240,240,0,0,238
asynchronous,rastrigin,2,32,240,5,0.689692351202357,240,240,0,0,238
asynchronous,rastrigin,2,32,240,6,0.9218787674571871,240,240,0,0,238
asynchronous,rastrigin,2,32,240,7,5.676754639379233,240,240,0,0,238
asynchronous,rastrigin,2,32,240,8,0.43765880407234903,240,240,0,0,238
asynchronous,rastrigin,2,32,240,9,2.0215855507548284,240,240,0,0,238
asynchronous,rastrigin,2,32,240,10,1.5351351594852716,240,240,0,0,238
asynchronous,rastrigin,2,32,240,11,1.469531032898722,240,240,0,0,238
generational,rastrigin,2,32,600,0,0.40016418194919723,600,600,0,0,19
generational,rastrigin,2,32,600,1,0.05541907114515254,600,600,0,0,19
generational,rastrigin,2,32,600,2,1.011758358690276,600,600,0,0,19
generational,rastrigin,2,32,600,3,0.05274741102069669,600,600,0,0,19
generational,rastrigin,2,32,600,4,0.005403863261889796,600,600,0,0,19
generational,rastrigin,2,32,600,5,0.009307177100819075,600,600,0,0,19
generational,rastrigin,2,32,600,6,0.008377215049002018,600,600,0,0,19
generational,rastrigin,2,32,600,7,0.6889650484003731,600,600,0,0,19
generational,rastrigin,2,32,600,8,0.0169162181171707,600,600,0,0,19
generational,rastrigin,2,32,600,9,1.0553034103767907,600,600,0,0,19
generational,rastrigin,2,32,600,10,0.002238967863473107,600,600,0,0,19
generational,rastrigin,2,32,600,11,0.06224915340014192,600,600,0,0,19
asynchronous,rastrigin,2,32,600,0,0.014552027049941074,600,600,0,0,598
asynchronous,rastrigin,2,32,600,1,0.37915794840854034,600,600,0,0,598
asynchronous,rastrigin,2,32,600,2,0.06579083547755005,600,600,0,0,598
asynchronous,rastrigin,2,32,600,3,0.06280811919750562,600,600,0,0,598
asynchronous,rastrigin,2,32,600,4,0.050350627340304044,600,600,0,0,598
asynchronous,rastrigin,2,32,600,5,0.0019960461762451587,600,600,0,0,598
asynchronous,rastrigin,2,32,600,6,0.13527995729880615,600,600,0,0,598
asynchronous,rastrigin,2,32,600,7,1.0706755115574396,600,600,0,0,598
asynchronous,rastrigin,2,32,600,8,0.003287532827677353,600,600,0,0,598
asynchronous,rastrigin,2,32,600,9,0.008534010981797735,600,600,0,0,598
asynchronous,rastrigin,2,32,600,10,0.014178860781075997,600,600,0,0,598
asynchronous,rastrigin,2,32,600,11,0.09771249589297071,600,600,0,0,598
generational,sphere,2,4,240,0,0.013949990101044136,240,240,0,0,60
generational,sphere,2,4,240,1,0.11677596083265267,240,240,0,0,60
generational,sphere,2,4,240,2,7.419613636912094e-11,240,240,0,0,60
generational,sphere,2,4,240,3,2.794338386369252e-08,240,240,0,0,60
generational,sphere,2,4,240,4,0.0023230670170653034,240,240,0,0,60
generational,sphere,2,4,240,5,0.414644468934522,240,240,0,0,60
generational,sphere,2,4,240,6,1.2266706058110148,240,240,0,0,60
generational,sphere,2,4,240,7,4.9780367666669624e-08,240,240,0,0,60
generational,sphere,2,4,240,8,2.1082009156676728e-05,240,240,0,0,60
generational,sphere,2,4,240,9,0.00831835684559161,240,240,0,0,60
generational,sphere,2,4,240,10,0.7199038398758129,240,240,0,0,60
generational,sphere,2,4,240,11,0.0098425354237873,240,240,0,0,60
asynchronous,sphere,2,4,240,0,0.008095986098323661,240,240,0,0,238
asynchronous,sphere,2,4,240,1,0.0008801709112541781,240,240,0,0,238
asynchronous,sphere,2,4,240,2,0.129230482634098,240,240,0,0,238
asynchronous,sphere,2,4,240,3,8.166780738654753e-05,240,240,0,0,238
asynchronous,sphere,2,4,240,4,6.188176050634684e-14,240,240,0,0,238
asynchronous,sphere,2,4,240,5,1.335712634461771e-12,240,240,0,0,238
asynchronous,sphere,2,4,240,6,0.002131089877317936,240,240,0,0,238
asynchronous,sphere,2,4,240,7,0.0001389580967711848,240,240,0,0,238
asynchronous,sphere,2,4,240,8,4.100674492512454e-05,240,240,0,0,238
asynchronous,sphere,2,4,240,9,9.669982820014664e-07,240,240,0,0,238
asynchronous,sphere,2,4,240,10,9.525811451306476e-06,240,240,0,0,238
asynchronous,sphere,2,4,240,11,0.006604295788155697,240,240,0,0,238
generational,sphere,2,4,600,0,0.013726060383620595,600,600,0,0,150
generational,sphere,2,4,600,1,0.11421014796678945,600,600,0,0,150
generational,sphere,2,4,600,2,6.784179937792189e-12,600,600,0,0,150
generational,sphere,2,4,600,3,1.1540965006009101e-08,600,600,0,0,150
generational,sphere,2,4,600,4,0.0023230090303930145,600,600,0,0,150
generational,sphere,2,4,600,5,0.41464446300622404,600,600,0,0,150
generational,sphere,2,4,600,6,1.2266544609164185,600,600,0,0,150
generational,sphere,2,4,600,7,3.358316146343107e-08,600,600,0,0,150
generational,sphere,2,4,600,8,2.1081966644864742e-05,600,600,0,0,150
generational,sphere,2,4,600,9,0.008318356775591068,600,600,0,0,150
generational,sphere,2,4,600,10,0.7199025617040475,600,600,0,0,150
generational,sphere,2,4,600,11,0.00982893099243618,600,600,0,0,150
asynchronous,sphere,2,4,600,0,0.007881770223515402,600,600,0,0,598
asynchronous,sphere,2,4,600,1,0.0006847935513273248,600,600,0,0,598
asynchronous,sphere,2,4,600,2,0.11762633805188293,600,600,0,0,598
asynchronous,sphere,2,4,600,3,2.3635917497373222e-07,600,600,0,0,598
asynchronous,sphere,2,4,600,4,3.9032268353577296e-23,600,600,0,0,598
asynchronous,sphere,2,4,600,5,1.2298734131419146e-12,600,600,0,0,598
asynchronous,sphere,2,4,600,6,0.0003278907202563352,600,600,0,0,598
asynchronous,sphere,2,4,600,7,0.00012841563486437426,600,600,0,0,598
asynchronous,sphere,2,4,600,8,1.0704381687507592e-05,600,600,0,0,598
asynchronous,sphere,2,4,600,9,4.192089138020809e-07,600,600,0,0,598
asynchronous,sphere,2,4,600,10,4.133136107297943e-06,600,600,0,0,598
asynchronous,sphere,2,4,600,11,0.006570627394415486,600,600,0,0,598
generational,sphere,2,8,240,0,5.457235062265696e-07,240,240,0,0,30
generational,sphere,2,8,240,1,3.416824263987259e-09,240,240,0,0,30
generational,sphere,2,8,240,2,6.058103965716304e-10,240,240,0,0,30
generational,sphere,2,8,240,3,1.048152303417168e-07,240,240,0,0,30
generational,sphere,2,8,240,4,1.058320500623194e-07,240,240,0,0,30
generational,sphere,2,8,240,5,1.5507722000832068e-06,240,240,0,0,30
generational,sphere,2,8,240,6,5.801702100466859e-06,240,240,0,0,30
generational,sphere,2,8,240,7,1.8665879048805414e-06,240,240,0,0,30
generational,sphere,2,8,240,8,3.0806861283974473e-07,240,240,0,0,30
generational,sphere,2,8,240,9,1.5397102542664164e-09,240,240,0,0,30
generational,sphere,2,8,240,10,5.921643041061204e-07,240,240,0,0,30
generational,sphere,2,8,240,11,1.9172758932223465e-07,240,240,0,0,30
asynchronous,sphere,2,8,240,0,1.4764241425735165e-07,240,240,0,0,238
asynchronous,sphere,2,8,240,1,2.1088457713978353e-09,240,240,0,0,238
asynchronous,sphere,2,8,240,2,1.238485612200604e-11,240,240,0,0,238
asynchronous,sphere,2,8,240,3,4.472846289072636e-08,240,240,0,0,238
asynchronous,sphere,2,8,240,4,3.658490053110804e-08,240,240,0,0,238
asynchronous,sphere,2,8,240,5,5.657489104474481e-09,240,240,0,0,238
asynchronous,sphere,2,8,240,6,4.678928911561388e-10,240,240,0,0,238
asynchronous,sphere,2,8,240,7,1.529319335034708e-08,240,240,0,0,238
asynchronous,sphere,2,8,240,8,3.970245394876344e-09,240,240,0,0,238
asynchronous,sphere,2,8,240,9,1.875623368697244e-07,240,240,0,0,238
asynchronous,sphere,2,8,240,10,1.5829490672144697e-09,240,240,0,0,238
asynchronous,sphere,2,8,240,11,1.1784778217170718e-06,240,240,0,0,238
generational,sphere,2,8,600,0,4.14986198954403e-19,600,600,0,0,75
generational,sphere,2,8,600,1,7.637223824039467e-19,600,600,0,0,75
generational,sphere,2,8,600,2,8.42059479342833e-21,600,600,0,0,75
generational,sphere,2,8,600,3,2.0523705016176714e-19,600,600,0,0,75
generational,sphere,2,8,600,4,2.333193367113439e-19,600,600,0,0,75
generational,sphere,2,8,600,5,1.2479743712348087e-18,600,600,0,0,75
generational,sphere,2,8,600,6,3.6379616773239706e-19,600,600,0,0,75
generational,sphere,2,8,600,7,7.613311715860394e-18,600,600,0,0,75
generational,sphere,2,8,600,8,4.3263203354659955e-19,600,600,0,0,75
generational,sphere,2,8,600,9,7.185119958308631e-21,600,600,0,0,75
generational,sphere,2,8,600,10,3.5291859490944776e-14,600,600,0,0,75
generational,sphere,2,8,600,11,4.5908651687122347e-17,600,600,0,0,75
asynchronous,sphere,2,8,600,0,8.559653592911135e-20,600,600,0,0,598
asynchronous,sphere,2,8,600,1,7.522852644441446e-21,600,600,0,0,598
asynchronous,sphere,2,8,600,2,8.056757022874172e-22,600,600,0,0,598
asynchronous,sphere,2,8,600,3,3.00458528059601e-22,600,600,0,0,598
asynchronous,sphere,2,8,600,4,1.8626682859953527e-17,600,600,0,0,598
asynchronous,sphere,2,8,600,5,4.339785477326686e-21,600,600,0,0,598
asynchronous,sphere,2,8,600,6,2.2168681855354426e-22,600,600,0,0,598
asynchronous,sphere,2,8,600,7,1.2203350288336409e-21,600,600,0,0,598
asynchronous,sphere,2,8,600,8,8.0458784536279965e-22,600,600,0,0,598
asynchronous,sphere,2,8,600,9,6.044701455063125e-21,600,600,0,0,598
asynchronous,sphere,2,8,600,10,2.247610764986667e-21,600,600,0,0,598
asynchronous,sphere,2,8,600,11,5.071963761088439e-22,600,600,0,0,598
generational,sphere,2,16,240,0,0.0016603422659560913,240,240,0,0,15
generational,sphere,2,16,240,1,0.0004994780710378201,240,240,0,0,15
generational,sphere,2,16,240,2,4.824132079113499e-05,240,240,0,0,15
generational,sphere,2,16,240,3,4.981358870508859e-05,240,240,0,0,15
generational,sphere,2,16,240,4,1.922089225016718e-05,240,240,0,0,15
generational,sphere,2,16,240,5,0.00010128747464176045,240,240,0,0,15
generational,sphere,2,16,240,6,0.0004195790768495117,240,240,0,0,15
generational,sphere,2,16,240,7,0.0004787480585583985,240,240,0,0,15
generational,sphere,2,16,240,8,0.00019046554953738016,240,240,0,0,15
generational,sphere,2,16,240,9,0.00011815560642381101,240,240,0,0,15
generational,sphere,2,16,240,10,5.370564162246337e-05,240,240,0,0,15
generational,sphere,2,16,240,11,0.0004363094310498648,240,240,0,0,15
asynchronous,sphere,2,16,240,0,0.00017931466769863718,240,240,0,0,238
asynchronous,sphere,2,16,240,1,0.00018944851122523353,240,240,0,0,238
asynchronous,sphere,2,16,240,2,1.84416933080365e-05,240,240,0,0,238
asynchronous,sphere,2,16,240,3,3.68842928613796e-05,240,240,0,0,238
asynchronous,sphere,2,16,240,4,3.902745704410811e-06,240,240,0,0,238
asynchronous,sphere,2,16,240,5,0.00035358830918870443,240,240,0,0,238
asynchronous,sphere,2,16,240,6,8.46098705335085e-06,240,240,0,0,238
asynchronous,sphere,2,16,240,7,4.389165160766113e-07,240,240,0,0,238
asynchronous,sphere,2,16,240,8,0.0010747304527365133,240,240,0,0,238
asynchronous,sphere,2,16,240,9,2.463633953165693e-07,240,240,0,0,238
asynchronous,sphere,2,16,240,10,0.00011204921793265082,240,240,0,0,238
asynchronous,sphere,2,16,240,11,1.7671196306527457e-06,240,240,0,0,238
generational,sphere,2,16,600,0,4.265514087415984e-11,600,600,0,0,38
generational,sphere,2,16,600,1,1.1144490024277185e-08,600,600,0,0,38
generational,sphere,2,16,600,2,9.116068062455707e-10,600,600,0,0,38
generational,sphere,2,16,600,3,4.90299996416757e-10,600,600,0,0,38
generational,sphere,2,16,600,4,7.790974723843019e-10,600,600,0,0,38
generational,sphere,2,16,600,5,9.70216688586082e-12,600,600,0,0,38
generational,sphere,2,16,600,6,1.3882820505311173e-09,600,600,0,0,38
generational,sphere,2,16,600,7,1.1734260766350234e-10,600,600,0,0,38
generational,sphere,2,16,600,8,4.3271912779780314e-10,600,600,0,0,38
generational,sphere,2,16,600,9,3.857062267138881e-11,600,600,0,0,38
generational,sphere,2,16,600,10,2.2548018328519361e-10,600,600,0,0,38
generational,sphere,2,16,600,11,1.9128482799548355e-10,600,600,0,0,38
asynchronous,sphere,2,16,600,0,3.765988761395418e-11,600,600,0,0,598
asynchronous,sphere,2,16,600,1,2.98107642409122e-11,600,600,0,0,598
asynchronous,sphere,2,16,600,2,4.405163903700518e-13,600,600,0,0,598
asynchronous,sphere,2,16,600,3,5.037595475822905e-11,600,600,0,0,598
asynchronous,sphere,2,16,600,4,1.4181292536127969e-12,600,600,0,0,598
asynchronous,sphere,2,16,600,5,5.794333209744351e-12,600,600,0,0,598
asynchronous,sphere,2,16,600,6,3.5360576225027228e-12,600,600,0,0,598
asynchronous,sphere,2,16,600,7,1.825215957340455e-12,600,600,0,0,598
asynchronous,sphere,2,16,600,8,8.661120391510327e-12,600,600,0,0,598
asynchronous,sphere,2,16,600,9,9.980947236680145e-14,600,600,0,0,598
asynchronous,sphere,2,16,600,10,2.1269452354112413e-10,600,600,0,0,598
asynchronous,sphere,2,16,600,11,2.397248777329824e-14,600,600,0,0,598
generational,sphere,2,32,240,0,0.036778697016937416,240,240,0,0,8
generational,sphere,2,32,240,1,0.013729024803652817,240,240,0,0,8
generational,sphere,2,32,240,2,0.006410724329065955,240,240,0,0,8
generational,sphere,2,32,240,3,0.017480190900669258,240,240,0,0,8
generational,sphere,2,32,240,4,0.0005033989857494894,240,240,0,0,8
generational,sphere,2,32,240,5,0.004679999616064166,240,240,0,0,8
generational,sphere,2,32,240,6,0.005934502322268787,240,240,0,0,8
generational,sphere,2,32,240,7,0.017142903985247225,240,240,0,0,8
generational,sphere,2,32,240,8,0.008690143025745422,240,240,0,0,8
generational,sphere,2,32,240,9,0.018228374166131513,240,240,0,0,8
generational,sphere,2,32,240,10,0.008054534093725519,240,240,0,0,8
generational,sphere,2,32,240,11,0.01656721437780612,240,240,0,0,8
asynchronous,sphere,2,32,240,0,0.0002521956983202137,240,240,0,0,238
asynchronous,sphere,2,32,240,1,0.008162634284123558,240,240,0,0,238
asynchronous,sphere,2,32,240,2,0.0022165663302309204,240,240,0,0,238
asynchronous,sphere,2,32,240,3,0.0008685246035813594,240,240,0,0,238
asynchronous,sphere,2,32,240,4,0.0020434396476774956,240,240,0,0,238
asynchronous,sphere,2,32,240,5,0.0041882447190489044,240,240,0,0,238
asynchronous,sphere,2,32,240,6,0.0006226996446836882,240,240,0,0,238
asynchronous,sphere,2,32,240,7,0.00015225124975498877,240,240,0,0,238
asynchronous,sphere,2,32,240,8,0.019432140398004796,240,240,0,0,238
asynchronous,sphere,2,32,240,9,0.008632063383459641,240,240,0,0,238
asynchronous,sphere,2,32,240,10,0.004602838733800752,240,240,0,0,238
asynchronous,sphere,2,32,240,11,0.005045413746865128,240,240,0,0,238
generational,sphere,2,32,600,0,7.744516802462456e-07,600,600,0,0,19
generational,sphere,2,32,600,1,0.00015509528736479093,600,600,0,0,19
generational,sphere,2,32,600,2,3.1791800695478897e-06,600,600,0,0,19
generational,sphere,2,32,600,3,1.3206459577386247e-05,600,600,0,0,19
generational,sphere,2,32,600,4,2.605996074260966e-06,600,600,0,0,19
generational,sphere,2,32,600,5,2.6829138756130958e-05,600,600,0,0,19
generational,sphere,2,32,600,6,1.4401576303316848e-06,600,600,0,0,19
generational,sphere,2,32,600,7,9.417142814314536e-06,600,600,0,0,19
generational,sphere,2,32,600,8,3.1416901807958144e-06,600,600,0,0,19
generational,sphere,2,32,600,9,5.289074861798688e-06,600,600,0,0,19
generational,sphere,2,32,600,10,3.0282512529853027e-06,600,600,0,0,19
generational,sphere,2,32,600,11,2.3895116500060616e-05,600,600,0,0,19
asynchronous,sphere,2,32,600,0,6.776164773643538e-07,600,600,0,0,598
asynchronous,sphere,2,32,600,1,4.573069983499899e-06,600,600,0,0,598
asynchronous,sphere,2,32,600,2,2.1610948745746101e-07,600,600,0,0,598
asynchronous,sphere,2,32,600,3,2.7476354605654157e-06,600,600,0,0,598
asynchronous,sphere,2,32,600,4,4.400305541038954e-06,600,600,0,0,598
asynchronous,sphere,2,32,600,5,5.170590538826077e-07,600,600,0,0,598
asynchronous,sphere,2,32,600,6,2.4802099690443066e-08,600,600,0,0,598
asynchronous,sphere,2,32,600,7,4.0522329732014846e-07,600,600,0,0,598
asynchronous,sphere,2,32,600,8,1.1791071194516843e-06,600,600,0,0,598
asynchronous,sphere,2,32,600,9,4.583761898250858e-06,600,600,0,0,598
asynchronous,sphere,2,32,600,10,3.993270759658818e-06,600,600,0,0,598
asynchronous,sphere,2,32,600,11,1.4149862111102865e-07,600,600,0,0,598
generational,ackley,2,4,240,0,0.3910157664928815,240,240,0,0,60
generational,ackley,2,4,240,1,2.5947199753611483,240,240,0,0,60
generational,ackley,2,4,240,2,2.580013182569598,240,240,0,0,60
generational,ackley,2,4,240,3,0.32079653453919166,240,240,0,0,60
generational,ackley,2,4,240,4,0.0017258838496130302,240,240,0,0,60
generational,ackley,2,4,240,5,4.884072793191923,240,240,0,0,60
generational,ackley,2,4,240,6,4.916278417390608,240,240,0,0,60
generational,ackley,2,4,240,7,0.0029102479754468114,240,240,0,0,60
generational,ackley,2,4,240,8,0.06914965404610074,240,240,0,0,60
generational,ackley,2,4,240,9,0.007718584742481216,240,240,0,0,60
generational,ackley,2,4,240,10,2.6025597572925077,240,240,0,0,60
generational,ackley,2,4,240,11,3.321850462301157e-05,240,240,0,0,60
asynchronous,ackley,2,4,240,0,4.884065264738322,240,240,0,0,238
asynchronous,ackley,2,4,240,1,0.00024450522108709905,240,240,0,0,238
asynchronous,ackley,2,4,240,2,0.0005901877582634718,240,240,0,0,238
asynchronous,ackley,2,4,240,3,0.305665046679938,240,240,0,0,238
asynchronous,ackley,2,4,240,4,3.655937645611353,240,240,0,0,238
asynchronous,ackley,2,4,240,5,0.1828289544489725,240,240,0,0,238
asynchronous,ackley,2,4,240,6,0.8602885410297678,240,240,0,0,238
asynchronous,ackley,2,4,240,7,2.3351942850968754e-05,240,240,0,0,238
asynchronous,ackley,2,4,240,8,0.0374493783573695,240,240,0,0,238
asynchronous,ackley,2,4,240,9,4.884381593625978,240,240,0,0,238
asynchronous,ackley,2,4,240,10,0.009980393486561656,240,240,0,0,238
asynchronous,ackley,2,4,240,11,3.210363406764938,240,240,0,0,238
generational,ackley,2,4,600,0,0.39101546790784214,600,600,0,0,150
generational,ackley,2,4,600,1,2.5932844192351436,600,600,0,0,150
generational,ackley,2,4,600,2,2.5799592253436257,600,600,0,0,150
generational,ackley,2,4,600,3,0.3207603023537158,600,600,0,0,150
generational,ackley,2,4,600,4,0.0013601505332876407,600,600,0,0,150
generational,ackley,2,4,600,5,4.884072774864325,600,600,0,0,150
generational,ackley,2,4,600,6,4.916278404549082,600,600,0,0,150
generational,ackley,2,4,600,7,0.0029088429592936116,600,600,0,0,150
generational,ackley,2,4,600,8,0.0670306748923335,600,600,0,0,150
generational,ackley,2,4,600,9,0.007718583984772653,600,600,0,0,150
generational,ackley,2,4,600,10,2.602455847932579,600,600,0,0,150
generational,ackley,2,4,600,11,3.299402628487158e-05,600,600,0,0,150
asynchronous,ackley,2,4,600,0,4.884065259938868,600,600,0,0,598
asynchronous,ackley,2,4,600,1,5.634929046482995e-06,600,600,0,0,598
asynchronous,ackley,2,4,600,2,0.00015323023728841534,600,600,0,0,598
asynchronous,ackley,2,4,600,3,1.053241938109295e-10,600,600,0,0,598
asynchronous,ackley,2,4,600,4,3.575445950037889,600,600,0,0,598
asynchronous,ackley,2,4,600,5,0.18170436018975922,600,600,0,0,598
asynchronous,ackley,2,4,600,6,0.8599881250784418,600,600,0,0,598
asynchronous,ackley,2,4,600,7,4.268653718941806e-06,600,600,0,0,598
asynchronous,ackley,2,4,600,8,0.0013684339473809537,600,600,0,0,598
asynchronous,ackley,2,4,600,9,4.8843574270144074,600,600,0,0,598
asynchronous,ackley,2,4,600,10,0.009979517389503645,600,600,0,0,598
asynchronous,ackley,2,4,600,11,3.207735501524763,600,600,0,0,598
generational,ackley,2,8,240,0,2.5799297142721724,240,240,0,0,30
generational,ackley,2,8,240,1,0.0007882846411146893,240,240,0,0,30
generational,ackley,2,8,240,2,0.00030216961753071203,240,240,0,0,30
generational,ackley,2,8,240,3,0.00046163586421998914,240,240,0,0,30
generational,ackley,2,8,240,4,0.00037758973208612545,240,240,0,0,30
generational,ackley,2,8,240,5,0.00025219488087957487,240,240,0,0,30
generational,ackley,2,8,240,6,0.0009672658816630708,240,240,0,0,30
generational,ackley,2,8,240,7,0.00613341746392182,240,240,0,0,30
generational,ackley,2,8,240,8,0.0008843474434780951,240,240,0,0,30
generational,ackley,2,8,240,9,0.0011587823435452727,240,240,0,0,30
generational,ackley,2,8,240,10,0.0012794008995524742,240,240,0,0,30
generational,ackley,2,8,240,11,0.0038650318439725773,240,240,0,0,30
asynchronous,ackley,2,8,240,0,9.262571477863801e-05,240,240,0,0,238
asynchronous,ackley,2,8,240,1,0.00047970337199787494,240,240,0,0,238
asynchronous,ackley,2,8,240,2,0.002711320132143147,240,240,0,0,238
asynchronous,ackley,2,8,240,3,3.4011009223622324e-05,240,240,0,0,238
asynchronous,ackley,2,8,240,4,0.0009530362725915786,240,240,0,0,238
asynchronous,ackley,2,8,240,5,8.978236576995258e-05,240,240,0,0,238
asynchronous,ackley,2,8,240,6,0.0007028088020715195,240,240,0,0,238
asynchronous,ackley,2,8,240,7,0.004995553022141497,240,240,0,0,238
asynchronous,ackley,2,8,240,8,2.5799276250932484,240,240,0,0,238
asynchronous,ackley,2,8,240,9,0.0027450003590208105,240,240,0,0,238
asynchronous,ackley,2,8,240,10,0.00029916767784898823,240,240,0,0,238
asynchronous,ackley,2,8,240,11,0.00025685571976952204,240,240,0,0,238
generational,ackley,2,8,600,0,2.5799275570298694,600,600,0,0,75
generational,ackley,2,8,600,1,1.3650773844631203e-09,600,600,0,0,75
generational,ackley,2,8,600,2,2.61251331679091e-09,600,600,0,0,75
generational,ackley,2,8,600,3,8.07617128728566e-09,600,600,0,0,75
generational,ackley,2,8,600,4,1.0861768817704842e-08,600,600,0,0,75
generational,ackley,2,8,600,5,1.2607204169512443e-10,600,600,0,0,75
generational,ackley,2,8,600,6,4.100542572160748e-09,600,600,0,0,75
generational,ackley,2,8,600,7,3.3243634511848086e-09,600,600,0,0,75
generational,ackley,2,8,600,8,7.348540664864345e-08,600,600,0,0,75
generational,ackley,2,8,600,9,3.0670368467156095e-09,600,600,0,0,75
generational,ackley,2,8,600,10,3.131934711575468e-10,600,600,0,0,75
generational,ackley,2,8,600,11,3.938542825210334e-10,600,600,0,0,75
asynchronous,ackley,2,8,600,0,2.5361619471198082e-09,600,600,0,0,598
asynchronous,ackley,2,8,600,1,1.0367265876887188e-06,600,600,0,0,598
asynchronous,ackley,2,8,600,2,3.92882136157624e-07,600,600,0,0,598
asynchronous,ackley,2,8,600,3,1.4566570172291904e-11,600,600,0,0,598
asynchronous,ackley,2,8,600,4,2.695843548394805e-11,600,600,0,0,598
asynchronous,ackley,2,8,600,5,1.744782096579911e-11,600,600,0,0,598
asynchronous,ackley,2,8,600,6,4.3980152852896026e-10,600,600,0,0,598
asynchronous,ackley,2,8,600,7,2.9247719801617222e-09,600,600,0,0,598
asynchronous,ackley,2,8,600,8,2.5799275570298694,600,600,0,0,598
asynchronous,ackley,2,8,600,9,2.846900493125304e-10,600,600,0,0,598
asynchronous,ackley,2,8,600,10,4.713975432224515e-09,600,600,0,0,598
asynchronous,ackley,2,8,600,11,3.51151685507034e-09,600,600,0,0,598
generational,ackley,2,16,240,0,0.054505152569323645,240,240,0,0,15
generational,ackley,2,16,240,1,0.034887039102358575,240,240,0,0,15
generational,ackley,2,16,240,2,0.018452408302810586,240,240,0,0,15
generational,ackley,2,16,240,3,0.017900212718032993,240,240,0,0,15
generational,ackley,2,16,240,4,0.005839942346089533,240,240,0,0,15
generational,ackley,2,16,240,5,0.08343642026258324,240,240,0,0,15
generational,ackley,2,16,240,6,0.024861070491219994,240,240,0,0,15
generational,ackley,2,16,240,7,0.3606194533454077,240,240,0,0,15
generational,ackley,2,16,240,8,0.0743869508294499,240,240,0,0,15
generational,ackley,2,16,240,9,0.3398239158049319,240,240,0,0,15
generational,ackley,2,16,240,10,0.012819821646069318,240,240,0,0,15
generational,ackley,2,16,240,11,0.052861340362021725,240,240,0,0,15
asynchronous,ackley,2,16,240,0,0.0069830933136540985,240,240,0,0,238
asynchronous,ackley,2,16,240,1,0.028125791102106223,240,240,0,0,238
asynchronous,ackley,2,16,240,2,0.012921254780881686,240,240,0,0,238
asynchronous,ackley,2,16,240,3,0.01480557690999662,240,240,0,0,238
asynchronous,ackley,2,16,240,4,0.01306164524627862,240,240,0,0,238
asynchronous,ackley,2,16,240,5,0.026405955693868055,240,240,0,0,238
asynchronous,ackley,2,16,240,6,0.045483123503399,240,240,0,0,238
asynchronous,ackley,2,16,240,7,0.0018855424797163955,240,240,0,0,238
asynchronous,ackley,2,16,240,8,0.0026438855933546,240,240,0,0,238
asynchronous,ackley,2,16,240,9,0.021339650015012257,240,240,0,0,238
asynchronous,ackley,2,16,240,10,0.027456926747241983,240,240,0,0,238
asynchronous,ackley,2,16,240,11,0.06929894273796977,240,240,0,0,238
generational,ackley,2,16,600,0,2.7470159129183713e-05,600,600,0,0,38
generational,ackley,2,16,600,1,0.00018156236219768473,600,600,0,0,38
generational,ackley,2,16,600,2,4.174187461147838e-05,600,600,0,0,38
generational,ackley,2,16,600,3,0.00011719610693150528,600,600,0,0,38
generational,ackley,2,16,600,4,2.8084097050129486e-05,600,600,0,0,38
generational,ackley,2,16,600,5,0.00019006435066204475,600,600,0,0,38
generational,ackley,2,16,600,6,0.00011806848924722502,600,600,0,0,38
generational,ackley,2,16,600,7,0.0006470035347416747,600,600,0,0,38
generational,ackley,2,16,600,8,6.636425508377286e-05,600,600,0,0,38
generational,ackley,2,16,600,9,0.0003301674813269706,600,600,0,0,38
generational,ackley,2,16,600,10,1.429292681054406e-05,600,600,0,0,38
generational,ackley,2,16,600,11,5.892933246842702e-05,600,600,0,0,38
asynchronous,ackley,2,16,600,0,3.9133349760689384e-07,600,600,0,0,598
asynchronous,ackley,2,16,600,1,1.3289010976524906e-05,600,600,0,0,598
asynchronous,ackley,2,16,600,2,3.3276754263233954e-06,600,600,0,0,598
asynchronous,ackley,2,16,600,3,5.837081659354482e-06,600,600,0,0,598
asynchronous,ackley,2,16,600,4,9.495805710191263e-06,600,600,0,0,598
asynchronous,ackley,2,16,600,5,2.615832351482439e-05,600,600,0,0,598
asynchronous,ackley,2,16,600,6,1.0370338636267462e-05,600,600,0,0,598
asynchronous,ackley,2,16,600,7,3.8212693067585235e-06,600,600,0,0,598
asynchronous,ackley,2,16,600,8,1.6962017892474535e-06,600,600,0,0,598
asynchronous,ackley,2,16,600,9,8.942142525558694e-06,600,600,0,0,598
asynchronous,ackley,2,16,600,10,4.103618043105328e-05,600,600,0,0,598
asynchronous,ackley,2,16,600,11,1.3903367691359136e-05,600,600,0,0,598
generational,ackley,2,32,240,0,0.5030901254543214,240,240,0,0,8
generational,ackley,2,32,240,1,0.4366209374131107,240,240,0,0,8
generational,ackley,2,32,240,2,1.3069710772371725,240,240,0,0,8
generational,ackley,2,32,240,3,0.16211022573510947,240,240,0,0,8
generational,ackley,2,32,240,4,0.31671632499633917,240,240,0,0,8
generational,ackley,2,32,240,5,0.308898427117303,240,240,0,0,8
generational,ackley,2,32,240,6,0.39691212650834773,240,240,0,0,8
generational,ackley,2,32,240,7,1.01100592352789,240,240,0,0,8
generational,ackley,2,32,240,8,0.35194442999954534,240,240,0,0,8
generational,ackley,2,32,240,9,0.09479695783592534,240,240,0,0,8
generational,ackley,2,32,240,10,0.7611205569307242,240,240,0,0,8
generational,ackley,2,32,240,11,0.5166311162971913,240,240,0,0,8
asynchronous,ackley,2,32,240,0,0.22874934936444236,240,240,0,0,238
asynchronous,ackley,2,32,240,1,0.3555807486254037,240,240,0,0,238
asynchronous,ackley,2,32,240,2,0.5262630927517162,240,240,0,0,238
asynchronous,ackley,2,32,240,3,0.36329434400055094,240,240,0,0,238
asynchronous,ackley,2,32,240,4,0.15144585522845277,240,240,0,0,238
asynchronous,ackley,2,32,240,5,0.16639579105201863,240,240,0,0,238
asynchronous,ackley,2,32,240,6,1.2494669992812608,240,240,0,0,238
asynchronous,ackley,2,32,240,7,0.022138198714170887,240,240,0,0,238
asynchronous,ackley,2,32,240,8,0.2448305886136919,240,240,0,0,238
asynchronous,ackley,2,32,240,9,0.05502207292038053,240,240,0,0,238
asynchronous,ackley,2,32,240,10,1.0648200023603747,240,240,0,0,238
asynchronous,ackley,2,32,240,11,0.20910298219452317,240,240,0,0,238
generational,ackley,2,32,600,0,0.0036935021301904847,600,600,0,0,19
generational,ackley,2,32,600,1,0.005113667976474279,600,600,0,0,19
generational,ackley,2,32,600,2,0.00795265925625488,600,600,0,0,19
generational,ackley,2,32,600,3,0.01034621405296976,600,600,0,0,19
generational,ackley,2,32,600,4,0.0039522772416309415,600,600,0,0,19
generational,ackley,2,32,600,5,0.005496708777546377,600,600,0,0,19
generational,ackley,2,32,600,6,0.010280250568989846,600,600,0,0,19
generational,ackley,2,32,600,7,0.016188462235771528,600,600,0,0,19
generational,ackley,2,32,600,8,0.004466508620794674,600,600,0,0,19
generational,ackley,2,32,600,9,0.024318921049993225,600,600,0,0,19
generational,ackley,2,32,600,10,0.020348349746140304,600,600,0,0,19
generational,ackley,2,32,600,11,0.010018052118941245,600,600,0,0,19
asynchronous,ackley,2,32,600,0,0.0011199199328975062,600,600,0,0,598
asynchronous,ackley,2,32,600,1,0.00047630910953389005,600,600,0,0,598
asynchronous,ackley,2,32,600,2,0.0069428834787754745,600,600,0,0,598
asynchronous,ackley,2,32,600,3,0.007427248675153653,600,600,0,0,598
asynchronous,ackley,2,32,600,4,0.0021947052118211907,600,600,0,0,598
asynchronous,ackley,2,32,600,5,0.0011946747883411213,600,600,0,0,598
asynchronous,ackley,2,32,600,6,0.0022167678670972357,600,600,0,0,598
asynchronous,ackley,2,32,600,7,0.0011499323918440219,600,600,0,0,598
asynchronous,ackley,2,32,600,8,0.0032956391578200517,600,600,0,0,598
asynchronous,ackley,2,32,600,9,0.0036404012604340785,600,600,0,0,598
asynchronous,ackley,2,32,600,10,0.012209668887369407,600,600,0,0,598
asynchronous,ackley,2,32,600,11,0.002941380122586157,600,600,0,0,598
generational,rosenbrock,2,4,240,0,0.5215540375320381,240,240,0,0,60
generational,rosenbrock,2,4,240,1,2.3453223696327417,240,240,0,0,60
generational,rosenbrock,2,4,240,2,6.834960595050446,240,240,0,0,60
generational,rosenbrock,2,4,240,3,1.324562858318558,240,240,0,0,60
generational,rosenbrock,2,4,240,4,0.07390696005544584,240,240,0,0,60
generational,rosenbrock,2,4,240,5,0.1125188758908779,240,240,0,0,60
generational,rosenbrock,2,4,240,6,0.42621235047975736,240,240,0,0,60
generational,rosenbrock,2,4,240,7,5.034479274823366,240,240,0,0,60
generational,rosenbrock,2,4,240,8,4.617217910887234,240,240,0,0,60
generational,rosenbrock,2,4,240,9,1.32976418304082,240,240,0,0,60
generational,rosenbrock,2,4,240,10,0.7224252384717054,240,240,0,0,60
generational,rosenbrock,2,4,240,11,0.0028243242749995782,240,240,0,0,60
asynchronous,rosenbrock,2,4,240,0,0.07463665367576586,240,240,0,0,238
asynchronous,rosenbrock,2,4,240,1,0.3771012227289227,240,240,0,0,238
asynchronous,rosenbrock,2,4,240,2,0.10123268366020526,240,240,0,0,238
asynchronous,rosenbrock,2,4,240,3,0.023460427942250818,240,240,0,0,238
asynchronous,rosenbrock,2,4,240,4,0.011540216158897231,240,240,0,0,238
asynchronous,rosenbrock,2,4,240,5,0.23754855318562004,240,240,0,0,238
asynchronous,rosenbrock,2,4,240,6,0.5468411308544374,240,240,0,0,238
asynchronous,rosenbrock,2,4,240,7,8.439578928753138,240,240,0,0,238
asynchronous,rosenbrock,2,4,240,8,8.075283227510058,240,240,0,0,238
asynchronous,rosenbrock,2,4,240,9,0.6503608674650665,240,240,0,0,238
asynchronous,rosenbrock,2,4,240,10,1.1207558776869244,240,240,0,0,238
asynchronous,rosenbrock,2,4,240,11,0.7868197162441356,240,240,0,0,238
generational,rosenbrock,2,4,600,0,0.5210454494271338,600,600,0,0,150
generational,rosenbrock,2,4,600,1,2.3081824822972075,600,600,0,0,150
generational,rosenbrock,2,4,600,2,6.8341081853840056,600,600,0,0,150
generational,rosenbrock,2,4,600,3,1.3244727393294395,600,600,0,0,150
generational,rosenbrock,2,4,600,4,0.07390390767467382,600,600,0,0,150
generational,rosenbrock,2,4,600,5,0.11184506565934511,600,600,0,0,150
generational,rosenbrock,2,4,600,6,0.4262066651785647,600,600,0,0,150
generational,rosenbrock,2,4,600,7,5.034048148087107,600,600,0,0,150
generational,rosenbrock,2,4,600,8,4.616886280976921,600,600,0,0,150
generational,rosenbrock,2,4,600,9,1.3296831429493357,600,600,0,0,150
generational,rosenbrock,2,4,600,10,0.7222526795778489,600,600,0,0,150
generational,rosenbrock,2,4,600,11,0.0026328880968137015,600,600,0,0,150
asynchronous,rosenbrock,2,4,600,0,0.07454145242623629,600,600,0,0,598
asynchronous,rosenbrock,2,4,600,1,0.3666641060885651,600,600,0,0,598
asynchronous,rosenbrock,2,4,600,2,0.10114370452017755,600,600,0,0,598
asynchronous,rosenbrock,2,4,600,3,0.02334463301973131,600,600,0,0,598
asynchronous,rosenbrock,2,4,600,4,0.011504629351105293,600,600,0,0,598
asynchronous,rosenbrock,2,4,600,5,0.23576875440423825,600,600,0,0,598
asynchronous,rosenbrock,2,4,600,6,0.5467730840109136,600,600,0,0,598
asynchronous,rosenbrock,2,4,600,7,8.43310915753292,600,600,0,0,598
asynchronous,rosenbrock,2,4,600,8,8.07453946859092,600,600,0,0,598
asynchronous,rosenbrock,2,4,600,9,0.6079717978113435,600,600,0,0,598
asynchronous,rosenbrock,2,4,600,10,1.1204096082698618,600,600,0,0,598
asynchronous,rosenbrock,2,4,600,11,0.7863656738578995,600,600,0,0,598
generational,rosenbrock,2,8,240,0,0.00017604072592029935,240,240,0,0,30
generational,rosenbrock,2,8,240,1,0.3906535003152674,240,240,0,0,30
generational,rosenbrock,2,8,240,2,1.0216797994008808,240,240,0,0,30
generational,rosenbrock,2,8,240,3,0.3930133106840021,240,240,0,0,30
generational,rosenbrock,2,8,240,4,0.713262616654053,240,240,0,0,30
generational,rosenbrock,2,8,240,5,0.000862563783083785,240,240,0,0,30
generational,rosenbrock,2,8,240,6,2.6366284230759516,240,240,0,0,30
generational,rosenbrock,2,8,240,7,0.000149648298957229,240,240,0,0,30
generational,rosenbrock,2,8,240,8,0.19152621977466777,240,240,0,0,30
generational,rosenbrock,2,8,240,9,0.0019233900237514737,240,240,0,0,30
generational,rosenbrock,2,8,240,10,0.06977048145700472,240,240,0,0,30
generational,rosenbrock,2,8,240,11,0.29929037286702453,240,240,0,0,30
asynchronous,rosenbrock,2,8,240,0,0.0014911732050386958,240,240,0,0,238
asynchronous,rosenbrock,2,8,240,1,0.4880606359921113,240,240,0,0,238
asynchronous,rosenbrock,2,8,240,2,0.20519294357496176,240,240,0,0,238
asynchronous,rosenbrock,2,8,240,3,0.00018399929673780304,240,240,0,0,238
asynchronous,rosenbrock,2,8,240,4,0.011844184830690562,240,240,0,0,238
asynchronous,rosenbrock,2,8,240,5,0.07353007966983759,240,240,0,0,238
asynchronous,rosenbrock,2,8,240,6,0.031080702817821326,240,240,0,0,238
asynchronous,rosenbrock,2,8,240,7,0.0026127866813932706,240,240,0,0,238
asynchronous,rosenbrock,2,8,240,8,0.00028524348673382774,240,240,0,0,238
asynchronous,rosenbrock,2,8,240,9,0.4222558628395405,240,240,0,0,238
asynchronous,rosenbrock,2,8,240,10,6.61862867335407e-07,240,240,0,0,238
asynchronous,rosenbrock,2,8,240,11,0.03504059848733851,240,240,0,0,238
generational,rosenbrock,2,8,600,0,2.1653060281676196e-10,600,600,0,0,75
generational,rosenbrock,2,8,600,1,1.1682616855760218e-05,600,600,0,0,75
generational,rosenbrock,2,8,600,2,0.5840270476349243,600,600,0,0,75
generational,rosenbrock,2,8,600,3,2.803788206579375e-09,600,600,0,0,75
generational,rosenbrock,2,8,600,4,0.4880213126381653,600,600,0,0,75
generational,rosenbrock,2,8,600,5,1.8638026597461714e-05,600,600,0,0,75
generational,rosenbrock,2,8,600,6,1.2458780111530554,600,600,0,0,75
generational,rosenbrock,2,8,600,7,8.611241334606625e-12,600,600,0,0,75
generational,rosenbrock,2,8,600,8,0.08188905251195835,600,600,0,0,75
generational,rosenbrock,2,8,600,9,1.9597821793584216e-09,600,600,0,0,75
generational,rosenbrock,2,8,600,10,5.4314244793870335e-09,600,600,0,0,75
generational,rosenbrock,2,8,600,11,0.001062929445356003,600,600,0,0,75
asynchronous,rosenbrock,2,8,600,0,2.3718485717920403e-10,600,600,0,0,598
asynchronous,rosenbrock,2,8,600,1,4.69271476700926e-06,600,600,0,0,598
asynchronous,rosenbrock,2,8,600,2,5.906102736129096e-06,600,600,0,0,598
asynchronous,rosenbrock,2,8,600,3,3.6017141240375226e-15,600,600,0,0,598
asynchronous,rosenbrock,2,8,600,4,7.589047348476935e-08,600,600,0,0,598
asynchronous,rosenbrock,2,8,600,5,1.508661913486584e-05,600,600,0,0,598
asynchronous,rosenbrock,2,8,600,6,4.019412313909733e-11,600,600,0,0,598
asynchronous,rosenbrock,2,8,600,7,1.701672300048776e-09,600,600,0,0,598
asynchronous,rosenbrock,2,8,600,8,8.911363340540377e-12,600,600,0,0,598
asynchronous,rosenbrock,2,8,600,9,1.3070960140225936e-08,600,600,0,0,598
asynchronous,rosenbrock,2,8,600,10,2.1397218145985645e-15,600,600,0,0,598
asynchronous,rosenbrock,2,8,600,11,1.6579200733702533e-08,600,600,0,0,598
generational,rosenbrock,2,16,240,0,0.7434967715285099,240,240,0,0,15
generational,rosenbrock,2,16,240,1,0.34311291829165724,240,240,0,0,15
generational,rosenbrock,2,16,240,2,0.005362041420130445,240,240,0,0,15
generational,rosenbrock,2,16,240,3,0.10233848009922208,240,240,0,0,15
generational,rosenbrock,2,16,240,4,0.038613199023417984,240,240,0,0,15
generational,rosenbrock,2,16,240,5,0.42130749642638277,240,240,0,0,15
generational,rosenbrock,2,16,240,6,0.005215674973186624,240,240,0,0,15
generational,rosenbrock,2,16,240,7,0.02843746416659368,240,240,0,0,15
generational,rosenbrock,2,16,240,8,0.021740585216364485,240,240,0,0,15
generational,rosenbrock,2,16,240,9,0.032768674766344666,240,240,0,0,15
generational,rosenbrock,2,16,240,10,0.010726822872658187,240,240,0,0,15
generational,rosenbrock,2,16,240,11,0.016592312194737512,240,240,0,0,15
asynchronous,rosenbrock,2,16,240,0,0.004920390436639036,240,240,0,0,238
asynchronous,rosenbrock,2,16,240,1,0.045201664737131594,240,240,0,0,238
asynchronous,rosenbrock,2,16,240,2,0.0020956161735531074,240,240,0,0,238
asynchronous,rosenbrock,2,16,240,3,0.02357393588446021,240,240,0,0,238
asynchronous,rosenbrock,2,16,240,4,0.028943812377321597,240,240,0,0,238
asynchronous,rosenbrock,2,16,240,5,0.0009505424481724248,240,240,0,0,238
asynchronous,rosenbrock,2,16,240,6,9.765215718290442e-05,240,240,0,0,238
asynchronous,rosenbrock,2,16,240,7,0.010732152600097767,240,240,0,0,238
asynchronous,rosenbrock,2,16,240,8,0.0133457492090637,240,240,0,0,238
asynchronous,rosenbrock,2,16,240,9,0.86142195439291,240,240,0,0,238
asynchronous,rosenbrock,2,16,240,10,0.004596733496633459,240,240,0,0,238
asynchronous,rosenbrock,2,16,240,11,0.017033122142606497,240,240,0,0,238
generational,rosenbrock,2,16,600,0,0.0026757218470390975,600,600,0,0,38
generational,rosenbrock,2,16,600,1,1.762040004363196e-05,600,600,0,0,38
generational,rosenbrock,2,16,600,2,5.295040195022128e-08,600,600,0,0,38
generational,rosenbrock,2,16,600,3,1.384529469421416e-06,600,600,0,0,38
generational,rosenbrock,2,16,600,4,2.482475353930355e-05,600,600,0,0,38
generational,rosenbrock,2,16,600,5,5.3454779538965734e-05,600,600,0,0,38
generational,rosenbrock,2,16,600,6,2.3063639987363832e-08,600,600,0,0,38
generational,rosenbrock,2,16,600,7,1.1566790642127189e-07,600,600,0,0,38
generational,rosenbrock,2,16,600,8,9.770334213835572e-07,600,600,0,0,38
generational,rosenbrock,2,16,600,9,2.8598073970092083e-07,600,600,0,0,38
generational,rosenbrock,2,16,600,10,3.947249415402401e-06,600,600,0,0,38
generational,rosenbrock,2,16,600,11,7.448072101069109e-08,600,600,0,0,38
asynchronous,rosenbrock,2,16,600,0,3.8526086357536794e-08,600,600,0,0,598
asynchronous,rosenbrock,2,16,600,1,1.1466904106633987e-07,600,600,0,0,598
asynchronous,rosenbrock,2,16,600,2,1.5444126060694241e-09,600,600,0,0,598
asynchronous,rosenbrock,2,16,600,3,2.572647256580375e-07,600,600,0,0,598
asynchronous,rosenbrock,2,16,600,4,1.8522583335919912e-08,600,600,0,0,598
asynchronous,rosenbrock,2,16,600,5,1.5688031188309633e-08,600,600,0,0,598
asynchronous,rosenbrock,2,16,600,6,6.140922781027036e-11,600,600,0,0,598
asynchronous,rosenbrock,2,16,600,7,1.693343966919246e-07,600,600,0,0,598
asynchronous,rosenbrock,2,16,600,8,1.775033926569772e-07,600,600,0,0,598
asynchronous,rosenbrock,2,16,600,9,2.4779922577728867e-06,600,600,0,0,598
asynchronous,rosenbrock,2,16,600,10,2.447475798802081e-09,600,600,0,0,598
asynchronous,rosenbrock,2,16,600,11,2.436372465592642e-07,600,600,0,0,598
generational,rosenbrock,2,32,240,0,0.08823207590042477,240,240,0,0,8
generational,rosenbrock,2,32,240,1,0.13382929500345747,240,240,0,0,8
generational,rosenbrock,2,32,240,2,0.9280516169125643,240,240,0,0,8
generational,rosenbrock,2,32,240,3,0.09472972146483803,240,240,0,0,8
generational,rosenbrock,2,32,240,4,0.48374925669735575,240,240,0,0,8
generational,rosenbrock,2,32,240,5,0.05481322237237151,240,240,0,0,8
generational,rosenbrock,2,32,240,6,0.009156520938676681,240,240,0,0,8
generational,rosenbrock,2,32,240,7,0.10311255623207148,240,240,0,0,8
generational,rosenbrock,2,32,240,8,0.06872578620503558,240,240,0,0,8
generational,rosenbrock,2,32,240,9,0.0020668121551657257,240,240,0,0,8
generational,rosenbrock,2,32,240,10,0.22620185512938243,240,240,0,0,8
generational,rosenbrock,2,32,240,11,0.34028140264481,240,240,0,0,8
asynchronous,rosenbrock,2,32,240,0,0.4294339624559491,240,240,0,0,238
asynchronous,rosenbrock,2,32,240,1,0.24751646474467928,240,240,0,0,238
asynchronous,rosenbrock,2,32,240,2,0.0033350412460809156,240,240,0,0,238
asynchronous,rosenbrock,2,32,240,3,0.019107782705090597,240,240,0,0,238
asynchronous,rosenbrock,2,32,240,4,0.029012559741429148,240,240,0,0,238
asynchronous,rosenbrock,2,32,240,5,0.08402962514969929,240,240,0,0,238
asynchronous,rosenbrock,2,32,240,6,0.21842678391947337,240,240,0,0,238
asynchronous,rosenbrock,2,32,240,7,0.24434023612189548,240,240,0,0,238
asynchronous,rosenbrock,2,32,240,8,0.20460163876642,240,240,0,0,238
asynchronous,rosenbrock,2,32,240,9,0.0020668121551657257,240,240,0,0,238
asynchronous,rosenbrock,2,32,240,10,0.01402978288851597,240,240,0,0,238
asynchronous,rosenbrock,2,32,240,11,0.12644810698357728,240,240,0,0,238
generational,rosenbrock,2,32,600,0,8.487855059406487e-06,600,600,0,0,19
generational,rosenbrock,2,32,600,1,0.002627802385808309,600,600,0,0,19
generational,rosenbrock,2,32,600,2,0.008662084640270438,600,600,0,0,19
generational,rosenbrock,2,32,600,3,0.0005003680940641058,600,600,0,0,19
generational,rosenbrock,2,32,600,4,0.0012942563423377611,600,600,0,0,19
generational,rosenbrock,2,32,600,5,0.0007434119218871914,600,600,0,0,19
generational,rosenbrock,2,32,600,6,0.0027282459959265984,600,600,0,0,19
generational,rosenbrock,2,32,600,7,0.00010221697946829401,600,600,0,0,19
generational,rosenbrock,2,32,600,8,0.0011840319473709717,600,600,0,0,19
generational,rosenbrock,2,32,600,9,0.00021789398741400184,600,600,0,0,19
generational,rosenbrock,2,32,600,10,0.010548327982803902,600,600,0,0,19
generational,rosenbrock,2,32,600,11,0.007759285669123337,600,600,0,0,19
asynchronous,rosenbrock,2,32,600,0,0.0002855926420070543,600,600,0,0,598
asynchronous,rosenbrock,2,32,600,1,2.08451619094053e-05,600,600,0,0,598
asynchronous,rosenbrock,2,32,600,2,7.319448266830594e-05,600,600,0,0,598
asynchronous,rosenbrock,2,32,600,3,0.00025479154750507007,600,600,0,0,598
asynchronous,rosenbrock,2,32,600,4,3.478971127412508e-05,600,600,0,0,598
asynchronous,rosenbrock,2,32,600,5,0.0003835698869042369,600,600,0,0,598
asynchronous,rosenbrock,2,32,600,6,0.002868529520502237,600,600,0,0,598
asynchronous,rosenbrock,2,32,600,7,1.5585652127832858e-05,600,600,0,0,598
asynchronous,rosenbrock,2,32,600,8,0.0003688319727539764,600,600,0,0,598
asynchronous,rosenbrock,2,32,600,9,0.0009607353987923632,600,600,0,0,598
asynchronous,rosenbrock,2,32,600,10,0.00013073449036976994,600,600,0,0,598
asynchronous,rosenbrock,2,32,600,11,0.003678581443705978,600,600,0,0,598
generational,rastrigin,4,4,240,0,16.419014734114334,240,240,0,0,60
generational,rastrigin,4,4,240,1,9.241675484842872,240,240,0,0,60
generational,rastrigin,4,4,240,2,6.840366541818675,240,240,0,0,60
generational,rastrigin,4,4,240,3,10.10381712080957,240,240,0,0,60
generational,rastrigin,4,4,240,4,2.568863330833601,240,240,0,0,60
generational,rastrigin,4,4,240,5,11.324383848300052,240,240,0,0,60
generational,rastrigin,4,4,240,6,6.6810966845560955,240,240,0,0,60
generational,rastrigin,4,4,240,7,6.659687431467397,240,240,0,0,60
generational,rastrigin,4,4,240,8,18.01281350018261,240,240,0,0,60
generational,rastrigin,4,4,240,9,7.144768093933777,240,240,0,0,60
generational,rastrigin,4,4,240,10,14.379377922345508,240,240,0,0,60
generational,rastrigin,4,4,240,11,2.3449722315242383,240,240,0,0,60
asynchronous,rastrigin,4,4,240,0,4.25257064869232,240,240,0,0,238
asynchronous,rastrigin,4,4,240,1,7.015719524683789,240,240,0,0,238
asynchronous,rastrigin,4,4,240,2,8.154084003132958,240,240,0,0,238
asynchronous,rastrigin,4,4,240,3,6.748703813661244,240,240,0,0,238
asynchronous,rastrigin,4,4,240,4,18.475421651065755,240,240,0,0,238
asynchronous,rastrigin,4,4,240,5,12.632958390837217,240,240,0,0,238
asynchronous,rastrigin,4,4,240,6,10.420342457810563,240,240,0,0,238
asynchronous,rastrigin,4,4,240,7,16.42496804770652,240,240,0,0,238
asynchronous,rastrigin,4,4,240,8,9.193055165341804,240,240,0,0,238
asynchronous,rastrigin,4,4,240,9,7.094899236019003,240,240,0,0,238
asynchronous,rastrigin,4,4,240,10,3.1942912265171515,240,240,0,0,238
asynchronous,rastrigin,4,4,240,11,5.401956424122204,240,240,0,0,238
generational,rastrigin,4,4,600,0,16.391127174028455,600,600,0,0,150
generational,rastrigin,4,4,600,1,9.114595012598642,600,600,0,0,150
generational,rastrigin,4,4,600,2,6.806523689095577,600,600,0,0,150
generational,rastrigin,4,4,600,3,10.001981867512367,600,600,0,0,150
generational,rastrigin,4,4,600,4,2.5671982735984216,600,600,0,0,150
generational,rastrigin,4,4,600,5,11.291121182227798,600,600,0,0,150
generational,rastrigin,4,4,600,6,5.907656515127705,600,600,0,0,150
generational,rastrigin,4,4,600,7,6.659532474864356,600,600,0,0,150
generational,rastrigin,4,4,600,8,18.012611717415766,600,600,0,0,150
generational,rastrigin,4,4,600,9,7.141510921830921,600,600,0,0,150
generational,rastrigin,4,4,600,10,14.361373043510323,600,600,0,0,150
generational,rastrigin,4,4,600,11,1.669005019440334,600,600,0,0,150
asynchronous,rastrigin,4,4,600,0,4.146776471874524,600,600,0,0,598
asynchronous,rastrigin,4,4,600,1,7.007071886741585,600,600,0,0,598
asynchronous,rastrigin,4,4,600,2,6.407212479986086,600,600,0,0,598
asynchronous,rastrigin,4,4,600,3,4.64553411713711,600,600,0,0,598
asynchronous,rastrigin,4,4,600,4,18.251141597009784,600,600,0,0,598
asynchronous,rastrigin,4,4,600,5,12.336614019590833,600,600,0,0,598
asynchronous,rastrigin,4,4,600,6,10.306948529945814,600,600,0,0,598
asynchronous,rastrigin,4,4,600,7,16.299643620508423,600,600,0,0,598
asynchronous,rastrigin,4,4,600,8,9.084304601395388,600,600,0,0,598
asynchronous,rastrigin,4,4,600,9,7.0934713431880425,600,600,0,0,598
asynchronous,rastrigin,4,4,600,10,2.172768289180212,600,600,0,0,598
asynchronous,rastrigin,4,4,600,11,2.740327894258492,600,600,0,0,598
generational,rastrigin,4,8,240,0,6.093412530072136,240,240,0,0,30
generational,rastrigin,4,8,240,1,8.360739908742815,240,240,0,0,30
generational,rastrigin,4,8,240,2,6.1535637287371685,240,240,0,0,30
generational,rastrigin,4,8,240,3,5.44479698830169,240,240,0,0,30
generational,rastrigin,4,8,240,4,8.029261176065425,240,240,0,0,30
generational,rastrigin,4,8,240,5,2.4252514629537387,240,240,0,0,30
generational,rastrigin,4,8,240,6,5.33451682387539,240,240,0,0,30
generational,rastrigin,4,8,240,7,6.1155946375735795,240,240,0,0,30
generational,rastrigin,4,8,240,8,5.084659526053684,240,240,0,0,30
generational,rastrigin,4,8,240,9,8.381634035550505,240,240,0,0,30
generational,rastrigin,4,8,240,10,4.646576588950126,240,240,0,0,30
generational,rastrigin,4,8,240,11,12.249938383758092,240,240,0,0,30
asynchronous,rastrigin,4,8,240,0,3.4803288099612644,240,240,0,0,238
asynchronous,rastrigin,4,8,240,1,2.942272679073504,240,240,0,0,238
asynchronous,rastrigin,4,8,240,2,12.86227600809957,240,240,0,0,238
asynchronous,rastrigin,4,8,240,3,0.7501644097073523,240,240,0,0,238
asynchronous,rastrigin,4,8,240,4,1.8087155075980874,240,240,0,0,238
asynchronous,rastrigin,4,8,240,5,5.255802185050044,240,240,0,0,238
asynchronous,rastrigin,4,8,240,6,3.0015552966622465,240,240,0,0,238
asynchronous,rastrigin,4,8,240,7,5.213072877275096,240,240,0,0,238
asynchronous,rastrigin,4,8,240,8,11.739426255536717,240,240,0,0,238
asynchronous,rastrigin,4,8,240,9,8.040424116689664,240,240,0,0,238
asynchronous,rastrigin,4,8,240,10,3.9878436818534695,240,240,0,0,238
asynchronous,rastrigin,4,8,240,11,1.9996946864770564,240,240,0,0,238
generational,rastrigin,4,8,600,0,4.974792487756083,600,600,0,0,75
generational,rastrigin,4,8,600,1,4.107591582046602,600,600,0,0,75
generational,rastrigin,4,8,600,2,1.9900076510471365,600,600,0,0,75
generational,rastrigin,4,8,600,3,1.992021656936835,600,600,0,0,75
generational,rastrigin,4,8,600,4,3.979991415406438,600,600,0,0,75
generational,rastrigin,4,8,600,5,2.0073131835094813,600,600,0,0,75
generational,rastrigin,4,8,600,6,1.9922691501561118,600,600,0,0,75
generational,rastrigin,4,8,600,7,5.969750979121642,600,600,0,0,75
generational,rastrigin,4,8,600,8,3.9798312261614797,600,600,0,0,75
generational,rastrigin,4,8,600,9,5.97601775043951,600,600,0,0,75
generational,rastrigin,4,8,600,10,0.9979794252233702,600,600,0,0,75
generational,rastrigin,4,8,600,11,2.5593268556965114,600,600,0,0,75
asynchronous,rastrigin,4,8,600,0,1.9922034621495328,600,600,0,0,598
asynchronous,rastrigin,4,8,600,1,0.9953123068953147,600,600,0,0,598
asynchronous,rastrigin,4,8,600,2,4.974877865086711,600,600,0,0,598
asynchronous,rastrigin,4,8,600,3,3.092580605823514e-06,600,600,0,0,598
asynchronous,rastrigin,4,8,600,4,0.9950031802346686,600,600,0,0,598
asynchronous,rastrigin,4,8,600,5,1.9899448236344526,600,600,0,0,598
asynchronous,rastrigin,4,8,600,6,2.9848771732342954,600,600,0,0,598
asynchronous,rastrigin,4,8,600,7,4.974790457426742,600,600,0,0,598
asynchronous,rastrigin,4,8,600,8,1.154167675186521,600,600,0,0,598
asynchronous,rastrigin,4,8,600,9,1.9901164652733172,600,600,0,0,598
asynchronous,rastrigin,4,8,600,10,3.979851275590235,600,600,0,0,598
asynchronous,rastrigin,4,8,600,11,1.9899181153199663,600,600,0,0,598
generational,rastrigin,4,16,240,0,13.763043382133429,240,240,0,0,15
generational,rastrigin,4,16,240,1,8.653030425474427,240,240,0,0,15
generational,rastrigin,4,16,240,2,11.964223151722287,240,240,0,0,15
generational,rastrigin,4,16,240,3,11.822096070831563,240,240,0,0,15
generational,rastrigin,4,16,240,4,19.334090445768638,240,240,0,0,15
generational,rastrigin,4,16,240,5,11.440804234543851,240,240,0,0,15
generational,rastrigin,4,16,240,6,14.027426537402736,240,240,0,0,15
generational,rastrigin,4,16,240,7,12.3650397017486,240,240,0,0,15
generational,rastrigin,4,16,240,8,4.664399733918152,240,240,0,0,15
generational,rastrigin,4,16,240,9,14.46908930909926,240,240,0,0,15
generational,rastrigin,4,16,240,10,11.531752083608712,240,240,0,0,15
generational,rastrigin,4,16,240,11,16.70145269097333,240,240,0,0,15
asynchronous,rastrigin,4,16,240,0,9.18565557090525,240,240,0,0,238
asynchronous,rastrigin,4,16,240,1,12.513150397337558,240,240,0,0,238
asynchronous,rastrigin,4,16,240,2,17.33287164468716,240,240,0,0,238
asynchronous,rastrigin,4,16,240,3,11.713573797636503,240,240,0,0,238
asynchronous,rastrigin,4,16,240,4,7.305465381274502,240,240,0,0,238
asynchronous,rastrigin,4,16,240,5,18.223117229458634,240,240,0,0,238
asynchronous,rastrigin,4,16,240,6,9.590393761345965,240,240,0,0,238
asynchronous,rastrigin,4,16,240,7,6.835130252870883,240,240,0,0,238
asynchronous,rastrigin,4,16,240,8,10.94215441243401,240,240,0,0,238
asynchronous,rastrigin,4,16,240,9,6.195162940482803,240,240,0,0,238
asynchronous,rastrigin,4,16,240,10,3.9642934879485523,240,240,0,0,238
asynchronous,rastrigin,4,16,240,11,9.182522203123927,240,240,0,0,238
generational,rastrigin,4,16,600,0,7.94160452282339,600,600,0,0,38
generational,rastrigin,4,16,600,1,2.8059606636637966,600,600,0,0,38
generational,rastrigin,4,16,600,2,3.473612060148035,600,600,0,0,38
generational,rastrigin,4,16,600,3,6.377197443422631,600,600,0,0,38
generational,rastrigin,4,16,600,4,1.162324122908501,600,600,0,0,38
generational,rastrigin,4,16,600,5,4.466924567384119,600,600,0,0,38
generational,rastrigin,4,16,600,6,4.657102519185031,600,600,0,0,38
generational,rastrigin,4,16,600,7,2.456630600267019,600,600,0,0,38
generational,rastrigin,4,16,600,8,1.8887619021247701,600,600,0,0,38
generational,rastrigin,4,16,600,9,3.1174215842139077,600,600,0,0,38
generational,rastrigin,4,16,600,10,9.0397354951164,600,600,0,0,38
generational,rastrigin,4,16,600,11,4.990442644296934,600,600,0,0,38
asynchronous,rastrigin,4,16,600,0,1.056602348755895,600,600,0,0,598
asynchronous,rastrigin,4,16,600,1,3.0465894872616133,600,600,0,0,598
asynchronous,rastrigin,4,16,600,2,4.413726621716414,600,600,0,0,598
asynchronous,rastrigin,4,16,600,3,2.1002040288682693,600,600,0,0,598
asynchronous,rastrigin,4,16,600,4,2.198461497713531,600,600,0,0,598
asynchronous,rastrigin,4,16,600,5,2.7631276832846225,600,600,0,0,598
asynchronous,rastrigin,4,16,600,6,4.294344404413238,600,600,0,0,598
asynchronous,rastrigin,4,16,600,7,1.005433570970979,600,600,0,0,598
asynchronous,rastrigin,4,16,600,8,5.62167234671103,600,600,0,0,598
asynchronous,rastrigin,4,16,600,9,6.195162940482803,600,600,0,0,598
asynchronous,rastrigin,4,16,600,10,3.9642934879485523,600,600,0,0,598
asynchronous,rastrigin,4,16,600,11,3.410930372615937,600,600,0,0,598
generational,rastrigin,4,32,240,0,19.607658332524764,240,240,0,0,8
generational,rastrigin,4,32,240,1,18.962607729460778,240,240,0,0,8
generational,rastrigin,4,32,240,2,8.016623995415273,240,240,0,0,8
generational,rastrigin,4,32,240,3,17.938109583786563,240,240,0,0,8
generational,rastrigin,4,32,240,4,10.342824907327994,240,240,0,0,8
generational,rastrigin,4,32,240,5,21.675239561084908,240,240,0,0,8
generational,rastrigin,4,32,240,6,10.828470328072854,240,240,0,0,8
generational,rastrigin,4,32,240,7,18.986291117756203,240,240,0,0,8
generational,rastrigin,4,32,240,8,23.64607941887158,240,240,0,0,8
generational,rastrigin,4,32,240,9,7.682536717351894,240,240,0,0,8
generational,rastrigin,4,32,240,10,12.349591663641661,240,240,0,0,8
generational,rastrigin,4,32,240,11,20.960091531415507,240,240,0,0,8
asynchronous,rastrigin,4,32,240,0,18.067344172363434,240,240,0,0,238
asynchronous,rastrigin,4,32,240,1,18.65018904131859,240,240,0,0,238
asynchronous,rastrigin,4,32,240,2,13.230557311539723,240,240,0,0,238
asynchronous,rastrigin,4,32,240,3,9.885425623854026,240,240,0,0,238
asynchronous,rastrigin,4,32,240,4,10.216378448092676,240,240,0,0,238
asynchronous,rastrigin,4,32,240,5,11.861701133651998,240,240,0,0,238
asynchronous,rastrigin,4,32,240,6,22.19597670874247,240,240,0,0,238
asynchronous,rastrigin,4,32,240,7,16.80542398965312,240,240,0,0,238
asynchronous,rastrigin,4,32,240,8,12.707229132775005,240,240,0,0,238
asynchronous,rastrigin,4,32,240,9,11.033546133098884,240,240,0,0,238
asynchronous,rastrigin,4,32,240,10,12.23319285333524,240,240,0,0,238
asynchronous,rastrigin,4,32,240,11,15.806604152814685,240,240,0,0,238
generational,rastrigin,4,32,600,0,7.117259923761672,600,600,0,0,19
generational,rastrigin,4,32,600,1,4.819238612051066,600,600,0,0,19
generational,rastrigin,4,32,600,2,6.302241426369548,600,600,0,0,19
generational,rastrigin,4,32,600,3,5.222121711605801,600,600,0,0,19
generational,rastrigin,4,32,600,4,4.513270281061999,600,600,0,0,19
generational,rastrigin,4,32,600,5,7.0831958442356395,600,600,0,0,19
generational,rastrigin,4,32,600,6,8.943731764794908,600,600,0,0,19
generational,rastrigin,4,32,600,7,4.268703108974385,600,600,0,0,19
generational,rastrigin,4,32,600,8,11.3247577064642,600,600,0,0,19
generational,rastrigin,4,32,600,9,7.682536717351894,600,600,0,0,19
generational,rastrigin,4,32,600,10,7.6884775145514865,600,600,0,0,19
generational,rastrigin,4,32,600,11,7.719450481867852,600,600,0,0,19
asynchronous,rastrigin,4,32,600,0,11.620888859259395,600,600,0,0,598
asynchronous,rastrigin,4,32,600,1,4.173431796872734,600,600,0,0,598
asynchronous,rastrigin,4,32,600,2,9.415713441619026,600,600,0,0,598
asynchronous,rastrigin,4,32,600,3,6.141888154220581,600,600,0,0,598
asynchronous,rastrigin,4,32,600,4,3.84736470665554,600,600,0,0,598
asynchronous,rastrigin,4,32,600,5,6.674871679203093,600,600,0,0,598
asynchronous,rastrigin,4,32,600,6,9.61742855914347,600,600,0,0,598
asynchronous,rastrigin,4,32,600,7,6.527228247528775,600,600,0,0,598
asynchronous,rastrigin,4,32,600,8,1.2929972540834171,600,600,0,0,598
asynchronous,rastrigin,4,32,600,9,4.901020970401973,600,600,0,0,598
asynchronous,rastrigin,4,32,600,10,2.49714547311099,600,600,0,0,598
asynchronous,rastrigin,4,32,600,11,10.170621424931703,600,600,0,0,598
generational,sphere,4,4,240,0,0.6319267660530805,240,240,0,0,60
generational,sphere,4,4,240,1,0.3625379206179733,240,240,0,0,60
generational,sphere,4,4,240,2,2.600023032853417,240,240,0,0,60
generational,sphere,4,4,240,3,0.7392491216002942,240,240,0,0,60
generational,sphere,4,4,240,4,0.0015184822869046147,240,240,0,0,60
generational,sphere,4,4,240,5,2.800991135890539,240,240,0,0,60
generational,sphere,4,4,240,6,1.8885023486842947,240,240,0,0,60
generational,sphere,4,4,240,7,0.48067149284467864,240,240,0,0,60
generational,sphere,4,4,240,8,0.11657908926256244,240,240,0,0,60
generational,sphere,4,4,240,9,0.009130443960632529,240,240,0,0,60
generational,sphere,4,4,240,10,0.0498817311384049,240,240,0,0,60
generational,sphere,4,4,240,11,0.2097099925069389,240,240,0,0,60
asynchronous,sphere,4,4,240,0,0.5397080572270282,240,240,0,0,238
asynchronous,sphere,4,4,240,1,0.9800846814755947,240,240,0,0,238
asynchronous,sphere,4,4,240,2,1.8316149439582945,240,240,0,0,238
asynchronous,sphere,4,4,240,3,0.29593503400421545,240,240,0,0,238
asynchronous,sphere,4,4,240,4,0.018509958726306557,240,240,0,0,238
asynchronous,sphere,4,4,240,5,0.08813828227508068,240,240,0,0,238
asynchronous,sphere,4,4,240,6,0.9228039967103863,240,240,0,0,238
asynchronous,sphere,4,4,240,7,0.4335153107393618,240,240,0,0,238
asynchronous,sphere,4,4,240,8,2.7804439246947568,240,240,0,0,238
asynchronous,sphere,4,4,240,9,1.370860594181647,240,240,0,0,238
asynchronous,sphere,4,4,240,10,4.353296381687005,240,240,0,0,238
asynchronous,sphere,4,4,240,11,0.9573716460991472,240,240,0,0,238
generational,sphere,4,4,600,0,0.629487244489377,600,600,0,0,150
generational,sphere,4,4,600,1,0.36217025837334116,600,600,0,0,150
generational,sphere,4,4,600,2,2.3471730912669515,600,600,0,0,150
generational,sphere,4,4,600,3,0.7367236001741757,600,600,0,0,150
generational,sphere,4,4,600,4,0.001512714362356689,600,600,0,0,150
generational,sphere,4,4,600,5,2.608997864185003,600,600,0,0,150
generational,sphere,4,4,600,6,1.8354314499134436,600,600,0,0,150
generational,sphere,4,4,600,7,0.4779671517241681,600,600,0,0,150
generational,sphere,4,4,600,8,0.11141298338395492,600,600,0,0,150
generational,sphere,4,4,600,9,0.009027122580069595,600,600,0,0,150
generational,sphere,4,4,600,10,0.04377127396037321,600,600,0,0,150
generational,sphere,4,4,600,11,0.2001692208220583,600,600,0,0,150
asynchronous,sphere,4,4,600,0,0.5371268597935631,600,600,0,0,598
asynchronous,sphere,4,4,600,1,0.9795505324681973,600,600,0,0,598
asynchronous,sphere,4,4,600,2,0.34539249480043743,600,600,0,0,598
asynchronous,sphere,4,4,600,3,0.29519575149290045,600,600,0,0,598
asynchronous,sphere,4,4,600,4,0.0070808470523749745,600,600,0,0,598
asynchronous,sphere,4,4,600,5,0.08487068407433762,600,600,0,0,598
asynchronous,sphere,4,4,600,6,0.840847821047223,600,600,0,0,598
asynchronous,sphere,4,4,600,7,0.43013896143283625,600,600,0,0,598
asynchronous,sphere,4,4,600,8,2.1316830051480182,600,600,0,0,598
asynchronous,sphere,4,4,600,9,1.3678920634971627,600,600,0,0,598
asynchronous,sphere,4,4,600,10,4.317747370004122,600,600,0,0,598
asynchronous,sphere,4,4,600,11,0.9154697917699995,600,600,0,0,598
generational,sphere,4,8,240,0,0.0004187884055966569,240,240,0,0,30
generational,sphere,4,8,240,1,0.0009567849555086594,240,240,0,0,30
generational,sphere,4,8,240,2,0.00017452371613940615,240,240,0,0,30
generational,sphere,4,8,240,3,0.00037334136445998597,240,240,0,0,30
generational,sphere,4,8,240,4,0.0017425397908096816,240,240,0,0,30
generational,sphere,4,8,240,5,0.003787585297542211,240,240,0,0,30
generational,sphere,4,8,240,6,0.0025132997534290237,240,240,0,0,30
generational,sphere,4,8,240,7,0.0018430083503019649,240,240,0,0,30
generational,sphere,4,8,240,8,0.0012063381266601652,240,240,0,0,30
generational,sphere,4,8,240,9,0.019540670841695074,240,240,0,0,30
generational,sphere,4,8,240,10,0.005571560761468711,240,240,0,0,30
generational,sphere,4,8,240,11,0.0028351194395699153,240,240,0,0,30
asynchronous,sphere,4,8,240,0,0.03488086853492573,240,240,0,0,238
asynchronous,sphere,4,8,240,1,0.00387764159790043,240,240,0,0,238
asynchronous,sphere,4,8,240,2,0.0005310056424553921,240,240,0,0,238
asynchronous,sphere,4,8,240,3,0.005994100929704832,240,240,0,0,238
asynchronous,sphere,4,8,240,4,1.2957582486122539e-05,240,240,0,0,238
asynchronous,sphere,4,8,240,5,0.05329692911138687,240,240,0,0,238
asynchronous,sphere,4,8,240,6,0.17948281887441697,240,240,0,0,238
asynchronous,sphere,4,8,240,7,0.02788867155181894,240,240,0,0,238
asynchronous,sphere,4,8,240,8,7.730929653710592e-05,240,240,0,0,238
asynchronous,sphere,4,8,240,9,0.08382783793982662,240,240,0,0,238
asynchronous,sphere,4,8,240,10,0.00018935511124718905,240,240,0,0,238
asynchronous,sphere,4,8,240,11,0.0009062945270898548,240,240,0,0,238
generational,sphere,4,8,600,0,1.2843396955806515e-08,600,600,0,0,75
generational,sphere,4,8,600,1,5.378309725881234e-09,600,600,0,0,75
generational,sphere,4,8,600,2,9.887916096521416e-10,600,600,0,0,75
generational,sphere,4,8,600,3,5.9258555476761e-09,600,600,0,0,75
generational,sphere,4,8,600,4,0.0002518116867344336,600,600,0,0,75
generational,sphere,4,8,600,5,1.7989174133051924e-08,600,600,0,0,75
generational,sphere,4,8,600,6,1.2143242745250442e-09,600,600,0,0,75
generational,sphere,4,8,600,7,4.788576766629803e-07,600,600,0,0,75
generational,sphere,4,8,600,8,1.1406357538005724e-10,600,600,0,0,75
generational,sphere,4,8,600,9,0.00264001235981191,600,600,0,0,75
generational,sphere,4,8,600,10,5.531565812732395e-10,600,600,0,0,75
generational,sphere,4,8,600,11,4.078104118733512e-07,600,600,0,0,75
asynchronous,sphere,4,8,600,0,2.0602331185626633e-08,600,600,0,0,598
asynchronous,sphere,4,8,600,1,2.3363775082464677e-09,600,600,0,0,598
asynchronous,sphere,4,8,600,2,1.9733265681164368e-05,600,600,0,0,598
asynchronous,sphere,4,8,600,3,1.7849388300003027e-05,600,600,0,0,598
asynchronous,sphere,4,8,600,4,8.633556278532656e-11,600,600,0,0,598
asynchronous,sphere,4,8,600,5,8.978653471608295e-05,600,600,0,0,598
asynchronous,sphere,4,8,600,6,4.005212148689952e-06,600,600,0,0,598
asynchronous,sphere,4,8,600,7,1.2747374260444808e-05,600,600,0,0,598
asynchronous,sphere,4,8,600,8,7.81246722347595e-10,600,600,0,0,598
asynchronous,sphere,4,8,600,9,3.167832103180898e-05,600,600,0,0,598
asynchronous,sphere,4,8,600,10,2.2691201003645422e-10,600,600,0,0,598
asynchronous,sphere,4,8,600,11,1.0224213624345504e-10,600,600,0,0,598
generational,sphere,4,16,240,0,0.2201422037005012,240,240,0,0,15
generational,sphere,4,16,240,1,0.03558439208551177,240,240,0,0,15
generational,sphere,4,16,240,2,0.08471070679806918,240,240,0,0,15
generational,sphere,4,16,240,3,0.25037313643730374,240,240,0,0,15
generational,sphere,4,16,240,4,0.06761393664562641,240,240,0,0,15
generational,sphere,4,16,240,5,0.06818443363478703,240,240,0,0,15
generational,sphere,4,16,240,6,0.06361136249559403,240,240,0,0,15
generational,sphere,4,16,240,7,0.013202526458573274,240,240,0,0,15
generational,sphere,4,16,240,8,0.019970690954600585,240,240,0,0,15
generational,sphere,4,16,240,9,0.031148409786102192,240,240,0,0,15
generational,sphere,4,16,240,10,0.10391700507592137,240,240,0,0,15
generational,sphere,4,16,240,11,0.03671737040387747,240,240,0,0,15
asynchronous,sphere,4,16,240,0,0.006270499727454366,240,240,0,0,238
asynchronous,sphere,4,16,240,1,0.018263874297470936,240,240,0,0,238
asynchronous,sphere,4,16,240,2,0.07672314402691774,240,240,0,0,238
asynchronous,sphere,4,16,240,3,0.03442928211167828,240,240,0,0,238
asynchronous,sphere,4,16,240,4,0.001874233176472723,240,240,0,0,238
asynchronous,sphere,4,16,240,5,0.038190197378861104,240,240,0,0,238
asynchronous,sphere,4,16,240,6,0.007782576980592235,240,240,0,0,238
asynchronous,sphere,4,16,240,7,0.05676724919713045,240,240,0,0,238
asynchronous,sphere,4,16,240,8,0.07629827416515754,240,240,0,0,238
asynchronous,sphere,4,16,240,9,0.014006961863969629,240,240,0,0,238
asynchronous,sphere,4,16,240,10,0.01639257133596064,240,240,0,0,238
asynchronous,sphere,4,16,240,11,0.08459685552592458,240,240,0,0,238
generational,sphere,4,16,600,0,7.4136441029736285e-06,600,600,0,0,38
generational,sphere,4,16,600,1,8.812749176037646e-06,600,600,0,0,38
generational,sphere,4,16,600,2,2.1436729021229956e-05,600,600,0,0,38
generational,sphere,4,16,600,3,0.00014543667057096815,600,600,0,0,38
generational,sphere,4,16,600,4,8.630717001579526e-05,600,600,0,0,38
generational,sphere,4,16,600,5,4.5816478043187205e-05,600,600,0,0,38
generational,sphere,4,16,600,6,2.1120063251811908e-06,600,600,0,0,38
generational,sphere,4,16,600,7,4.664804646069956e-05,600,600,0,0,38
generational,sphere,4,16,600,8,1.4618579933866574e-05,600,600,0,0,38
generational,sphere,4,16,600,9,1.732227135353864e-05,600,600,0,0,38
generational,sphere,4,16,600,10,5.581169940692766e-05,600,600,0,0,38
generational,sphere,4,16,600,11,6.891847994554274e-06,600,600,0,0,38
asynchronous,sphere,4,16,600,0,4.4956243517406665e-07,600,600,0,0,598
asynchronous,sphere,4,16,600,1,9.969447286975823e-06,600,600,0,0,598
asynchronous,sphere,4,16,600,2,1.8463957825275477e-05,600,600,0,0,598
asynchronous,sphere,4,16,600,3,1.4939082743735338e-05,600,600,0,0,598
asynchronous,sphere,4,16,600,4,2.374937008440521e-08,600,600,0,0,598
asynchronous,sphere,4,16,600,5,2.0863064648485534e-06,600,600,0,0,598
asynchronous,sphere,4,16,600,6,2.9577068560513284e-07,600,600,0,0,598
asynchronous,sphere,4,16,600,7,2.1478133505306864e-06,600,600,0,0,598
asynchronous,sphere,4,16,600,8,1.5000588038572851e-05,600,600,0,0,598
asynchronous,sphere,4,16,600,9,4.7273646680782065e-06,600,600,0,0,598
asynchronous,sphere,4,16,600,10,3.975957097438617e-06,600,600,0,0,598
asynchronous,sphere,4,16,600,11,5.9456318820962955e-06,600,600,0,0,598
generational,sphere,4,32,240,0,0.6222406953858732,240,240,0,0,8
generational,sphere,4,32,240,1,1.2125509741678848,240,240,0,0,8
generational,sphere,4,32,240,2,0.4533967065124124,240,240,0,0,8
generational,sphere,4,32,240,3,1.4950833831032417,240,240,0,0,8
generational,sphere,4,32,240,4,0.287370540497107,240,240,0,0,8
generational,sphere,4,32,240,5,0.2586327920596209,240,240,0,0,8
generational,sphere,4,32,240,6,0.26885261876043814,240,240,0,0,8
generational,sphere,4,32,240,7,1.1019942820980198,240,240,0,0,8
generational,sphere,4,32,240,8,0.2456126655935228,240,240,0,0,8
generational,sphere,4,32,240,9,0.4190031706451131,240,240,0,0,8
generational,sphere,4,32,240,10,0.1791467868663202,240,240,0,0,8
generational,sphere,4,32,240,11,2.0328560182471556,240,240,0,0,8
asynchronous,sphere,4,32,240,0,0.19512571525613068,240,240,0,0,238
asynchronous,sphere,4,32,240,1,1.1247344865032833,240,240,0,0,238
asynchronous,sphere,4,32,240,2,0.5637207405749438,240,240,0,0,238
asynchronous,sphere,4,32,240,3,0.9320516565189491,240,240,0,0,238
asynchronous,sphere,4,32,240,4,0.3647821394027355,240,240,0,0,238
asynchronous,sphere,4,32,240,5,0.10370501601247718,240,240,0,0,238
asynchronous,sphere,4,32,240,6,0.3342169862661403,240,240,0,0,238
asynchronous,sphere,4,32,240,7,0.4397972300164105,240,240,0,0,238
asynchronous,sphere,4,32,240,8,0.06873021356224318,240,240,0,0,238
asynchronous,sphere,4,32,240,9,0.03540907160421993,240,240,0,0,238
asynchronous,sphere,4,32,240,10,0.3965227772716827,240,240,0,0,238
asynchronous,sphere,4,32,240,11,1.0597439965201056,240,240,0,0,238
generational,sphere,4,32,600,0,0.005291112761479622,600,600,0,0,19
generational,sphere,4,32,600,1,0.019581687912212334,600,600,0,0,19
generational,sphere,4,32,600,2,0.0019207048001814923,600,600,0,0,19
generational,sphere,4,32,600,3,0.025228625188056936,600,600,0,0,19
generational,sphere,4,32,600,4,0.006854696116843413,600,600,0,0,19
generational,sphere,4,32,600,5,0.0003661047767907729,600,600,0,0,19
generational,sphere,4,32,600,6,0.017359344854813014,600,600,0,0,19
generational,sphere,4,32,600,7,0.004582715890011689,600,600,0,0,19
generational,sphere,4,32,600,8,0.00848016626408963,600,600,0,0,19
generational,sphere,4,32,600,9,0.015893326606606382,600,600,0,0,19
generational,sphere,4,32,600,10,0.009469940661572737,600,600,0,0,19
generational,sphere,4,32,600,11,0.018113400211663258,600,600,0,0,19
asynchronous,sphere,4,32,600,0,0.0049140860293380014,600,600,0,0,598
asynchronous,sphere,4,32,600,1,0.0025961899044872256,600,600,0,0,598
asynchronous,sphere,4,32,600,2,0.0036489280496629054,600,600,0,0,598
asynchronous,sphere,4,32,600,3,0.0061827414533627886,600,600,0,0,598
asynchronous,sphere,4,32,600,4,0.0009672831029643081,600,600,0,0,598
asynchronous,sphere,4,32,600,5,0.001193710537064966,600,600,0,0,598
asynchronous,sphere,4,32,600,6,0.002046426356304897,600,600,0,0,598
asynchronous,sphere,4,32,600,7,0.003513397047473724,600,600,0,0,598
asynchronous,sphere,4,32,600,8,0.003827482811266557,600,600,0,0,598
asynchronous,sphere,4,32,600,9,0.001719412798821142,600,600,0,0,598
asynchronous,sphere,4,32,600,10,0.001946347004964959,600,600,0,0,598
asynchronous,sphere,4,32,600,11,0.014105463605230118,600,600,0,0,598
generational,ackley,4,4,240,0,3.89227948409609,240,240,0,0,60
generational,ackley,4,4,240,1,2.88314255864297,240,240,0,0,60
generational,ackley,4,4,240,2,3.6215498320273167,240,240,0,0,60
generational,ackley,4,4,240,3,3.5834067042726656,240,240,0,0,60
generational,ackley,4,4,240,4,2.1452808450276497,240,240,0,0,60
generational,ackley,4,4,240,5,6.215175780836464,240,240,0,0,60
generational,ackley,4,4,240,6,2.621985304281719,240,240,0,0,60
generational,ackley,4,4,240,7,3.1583910409727456,240,240,0,0,60
generational,ackley,4,4,240,8,0.24441038105750268,240,240,0,0,60
generational,ackley,4,4,240,9,0.20050292499605904,240,240,0,0,60
generational,ackley,4,4,240,10,2.8863236294155006,240,240,0,0,60
generational,ackley,4,4,240,11,1.8687852413417976,240,240,0,0,60
asynchronous,ackley,4,4,240,0,2.796277599893632,240,240,0,0,238
asynchronous,ackley,4,4,240,1,2.588086709845815,240,240,0,0,238
asynchronous,ackley,4,4,240,2,3.974742688894811,240,240,0,0,238
asynchronous,ackley,4,4,240,3,2.6257852456472297,240,240,0,0,238
asynchronous,ackley,4,4,240,4,4.938173068834271,240,240,0,0,238
asynchronous,ackley,4,4,240,5,4.769813849328493,240,240,0,0,238
asynchronous,ackley,4,4,240,6,1.8587628827623779,240,240,0,0,238
asynchronous,ackley,4,4,240,7,2.1228837666583016,240,240,0,0,238
asynchronous,ackley,4,4,240,8,4.057113176381829,240,240,0,0,238
asynchronous,ackley,4,4,240,9,3.594202359380461,240,240,0,0,238
asynchronous,ackley,4,4,240,10,1.8510678127317992,240,240,0,0,238
asynchronous,ackley,4,4,240,11,2.5886983874927343,240,240,0,0,238
generational,ackley,4,4,600,0,3.892142280714293,600,600,0,0,150
generational,ackley,4,4,600,1,2.882857288028401,600,600,0,0,150
generational,ackley,4,4,600,2,3.621488295253027,600,600,0,0,150
generational,ackley,4,4,600,3,3.577909826372221,600,600,0,0,150
generational,ackley,4,4,600,4,2.109135397508354,600,600,0,0,150
generational,ackley,4,4,600,5,6.214418279411241,600,600,0,0,150
generational,ackley,4,4,600,6,2.6213490695587365,600,600,0,0,150
generational,ackley,4,4,600,7,3.1169351715644216,600,600,0,0,150
generational,ackley,4,4,600,8,0.22497092565682353,600,600,0,0,150
generational,ackley,4,4,600,9,0.19453058045618166,600,600,0,0,150
generational,ackley,4,4,600,10,2.8792472664159416,600,600,0,0,150
generational,ackley,4,4,600,11,1.864858063206818,600,600,0,0,150
asynchronous,ackley,4,4,600,0,2.7887710160096018,600,600,0,0,598
asynchronous,ackley,4,4,600,1,2.5804977039711834,600,600,0,0,598
asynchronous,ackley,4,4,600,2,3.962706447385099,600,600,0,0,598
asynchronous,ackley,4,4,600,3,2.5800829303713084,600,600,0,0,598
asynchronous,ackley,4,4,600,4,4.306022430178658,600,600,0,0,598
asynchronous,ackley,4,4,600,5,4.746664510659418,600,600,0,0,598
asynchronous,ackley,4,4,600,6,1.8587531787948604,600,600,0,0,598
asynchronous,ackley,4,4,600,7,2.1043752406663185,600,600,0,0,598
asynchronous,ackley,4,4,600,8,3.96035335963871,600,600,0,0,598
asynchronous,ackley,4,4,600,9,3.5826540087494974,600,600,0,0,598
asynchronous,ackley,4,4,600,10,1.848474247225568,600,600,0,0,598
asynchronous,ackley,4,4,600,11,2.5800730726859524,600,600,0,0,598
generational,ackley,4,8,240,0,0.01618157592306746,240,240,0,0,30
generational,ackley,4,8,240,1,0.029017095893668188,240,240,0,0,30
generational,ackley,4,8,240,2,0.04589726723200416,240,240,0,0,30
generational,ackley,4,8,240,3,0.2532225547151019,240,240,0,0,30
generational,ackley,4,8,240,4,0.10949488442884503,240,240,0,0,30
generational,ackley,4,8,240,5,0.07502489725164851,240,240,0,0,30
generational,ackley,4,8,240,6,0.09599872732374637,240,240,0,0,30
generational,ackley,4,8,240,7,0.022546586514117894,240,240,0,0,30
generational,ackley,4,8,240,8,0.09304812479257096,240,240,0,0,30
generational,ackley,4,8,240,9,2.0836765605064618,240,240,0,0,30
generational,ackley,4,8,240,10,0.13039821654319939,240,240,0,0,30
generational,ackley,4,8,240,11,1.8499057272017834,240,240,0,0,30
asynchronous,ackley,4,8,240,0,1.8526675795768353,240,240,0,0,238
asynchronous,ackley,4,8,240,1,0.09236619227383303,240,240,0,0,238
asynchronous,ackley,4,8,240,2,0.019168521880370992,240,240,0,0,238
asynchronous,ackley,4,8,240,3,0.019257668511976522,240,240,0,0,238
asynchronous,ackley,4,8,240,4,0.2390063478631963,240,240,0,0,238
asynchronous,ackley,4,8,240,5,0.32185976866996,240,240,0,0,238
asynchronous,ackley,4,8,240,6,1.8139317807885225,240,240,0,0,238
asynchronous,ackley,4,8,240,7,0.08420002450677488,240,240,0,0,238
asynchronous,ackley,4,8,240,8,0.0185160725030582,240,240,0,0,238
asynchronous,ackley,4,8,240,9,0.09432853328096913,240,240,0,0,238
asynchronous,ackley,4,8,240,10,3.1284790035621026,240,240,0,0,238
asynchronous,ackley,4,8,240,11,0.626763345069318,240,240,0,0,238
generational,ackley,4,8,600,0,8.918141784919342e-05,600,600,0,0,75
generational,ackley,4,8,600,1,2.6831699245111196e-05,600,600,0,0,75
generational,ackley,4,8,600,2,1.1115087833690751e-05,600,600,0,0,75
generational,ackley,4,8,600,3,0.000854666811481497,600,600,0,0,75
generational,ackley,4,8,600,4,8.082609797144258e-05,600,600,0,0,75
generational,ackley,4,8,600,5,9.486814387615894e-05,600,600,0,0,75
generational,ackley,4,8,600,6,0.0002851628917110993,600,600,0,0,75
generational,ackley,4,8,600,7,0.00014660764288665362,600,600,0,0,75
generational,ackley,4,8,600,8,0.0007598359201108629,600,600,0,0,75
generational,ackley,4,8,600,9,1.8404859414614987,600,600,0,0,75
generational,ackley,4,8,600,10,0.0001741958821459555,600,600,0,0,75
generational,ackley,4,8,600,11,1.8399934774136146,600,600,0,0,75
asynchronous,ackley,4,8,600,0,1.8399940266633235,600,600,0,0,598
asynchronous,ackley,4,8,600,1,9.493668313753645e-05,600,600,0,0,598
asynchronous,ackley,4,8,600,2,2.0845214923514988e-05,600,600,0,0,598
asynchronous,ackley,4,8,600,3,1.2548092474862216e-05,600,600,0,0,598
asynchronous,ackley,4,8,600,4,0.00010703770529518764,600,600,0,0,598
asynchronous,ackley,4,8,600,5,0.017212251272880952,600,600,0,0,598
asynchronous,ackley,4,8,600,6,0.00025266723009353953,600,600,0,0,598
asynchronous,ackley,4,8,600,7,2.5202185501616015e-05,600,600,0,0,598
asynchronous,ackley,4,8,600,8,2.2209921710203417e-05,600,600,0,0,598
asynchronous,ackley,4,8,600,9,9.439744096839675e-05,600,600,0,0,598
asynchronous,ackley,4,8,600,10,3.1268472980039133,600,600,0,0,598
asynchronous,ackley,4,8,600,11,0.0004702938632488163,600,600,0,0,598
generational,ackley,4,16,240,0,0.9122634014383348,240,240,0,0,15
generational,ackley,4,16,240,1,1.9851193607973205,240,240,0,0,15
generational,ackley,4,16,240,2,1.7812293986123149,240,240,0,0,15
generational,ackley,4,16,240,3,1.1610527484647197,240,240,0,0,15
generational,ackley,4,16,240,4,0.7647902751780902,240,240,0,0,15
generational,ackley,4,16,240,5,1.2921875975196824,240,240,0,0,15
generational,ackley,4,16,240,6,0.19105987476668362,240,240,0,0,15
generational,ackley,4,16,240,7,2.8357871035560014,240,240,0,0,15
generational,ackley,4,16,240,8,0.3909197309341512,240,240,0,0,15
generational,ackley,4,16,240,9,0.6009115227661934,240,240,0,0,15
generational,ackley,4,16,240,10,2.139677072501318,240,240,0,0,15
generational,ackley,4,16,240,11,0.9671730466650925,240,240,0,0,15
asynchronous,ackley,4,16,240,0,0.48458534391981134,240,240,0,0,238
asynchronous,ackley,4,16,240,1,2.2961672180635593,240,240,0,0,238
asynchronous,ackley,4,16,240,2,0.6945143725555813,240,240,0,0,238
asynchronous,ackley,4,16,240,3,1.1532457724395333,240,240,0,0,238
asynchronous,ackley,4,16,240,4,0.6638430393826487,240,240,0,0,238
asynchronous,ackley,4,16,240,5,2.6387098859400138,240,240,0,0,238
asynchronous,ackley,4,16,240,6,1.328696598179008,240,240,0,0,238
asynchronous,ackley,4,16,240,7,2.576786768574977,240,240,0,0,238
asynchronous,ackley,4,16,240,8,0.9594992253827859,240,240,0,0,238
asynchronous,ackley,4,16,240,9,0.9385220163867136,240,240,0,0,238
asynchronous,ackley,4,16,240,10,0.8719195707533101,240,240,0,0,238
asynchronous,ackley,4,16,240,11,1.1126160624175943,240,240,0,0,238
generational,ackley,4,16,600,0,0.00556151448251585,600,600,0,0,38
generational,ackley,4,16,600,1,0.03493600944274222,600,600,0,0,38
generational,ackley,4,16,600,2,0.029003717686450603,600,600,0,0,38
generational,ackley,4,16,600,3,0.022637240507091594,600,600,0,0,38
generational,ackley,4,16,600,4,0.008434371119865336,600,600,0,0,38
generational,ackley,4,16,600,5,0.017369875517691202,600,600,0,0,38
generational,ackley,4,16,600,6,0.004231210586944645,600,600,0,0,38
generational,ackley,4,16,600,7,0.024956386469910274,600,600,0,0,38
generational,ackley,4,16,600,8,0.0060874864444291354,600,600,0,0,38
generational,ackley,4,16,600,9,0.005628261038765903,600,600,0,0,38
generational,ackley,4,16,600,10,1.8405418812298788,600,600,0,0,38
generational,ackley,4,16,600,11,0.005126315666398984,600,600,0,0,38
asynchronous,ackley,4,16,600,0,0.0015389028375065728,600,600,0,0,598
asynchronous,ackley,4,16,600,1,0.025505447728268127,600,600,0,0,598
asynchronous,ackley,4,16,600,2,0.002345440642788521,600,600,0,0,598
asynchronous,ackley,4,16,600,3,0.0019852419124650744,600,600,0,0,598
asynchronous,ackley,4,16,600,4,0.008352185962568814,600,600,0,0,598
asynchronous,ackley,4,16,600,5,0.013040779937803837,600,600,0,0,598
asynchronous,ackley,4,16,600,6,0.005472534981255439,600,600,0,0,598
asynchronous,ackley,4,16,600,7,0.01169619393874699,600,600,0,0,598
asynchronous,ackley,4,16,600,8,0.007187563818928044,600,600,0,0,598
asynchronous,ackley,4,16,600,9,0.0038695827707617703,600,600,0,0,598
asynchronous,ackley,4,16,600,10,0.004023700130645569,600,600,0,0,598
asynchronous,ackley,4,16,600,11,0.004237836270413187,600,600,0,0,598
generational,ackley,4,32,240,0,2.7432991750842004,240,240,0,0,8
generational,ackley,4,32,240,1,3.3081407783401784,240,240,0,0,8
generational,ackley,4,32,240,2,2.7198212388433416,240,240,0,0,8
generational,ackley,4,32,240,3,2.966643884050605,240,240,0,0,8
generational,ackley,4,32,240,4,1.9329986160862629,240,240,0,0,8
generational,ackley,4,32,240,5,3.442458616942393,240,240,0,0,8
generational,ackley,4,32,240,6,3.2173800883305543,240,240,0,0,8
generational,ackley,4,32,240,7,3.5874413544385537,240,240,0,0,8
generational,ackley,4,32,240,8,1.1636484888427003,240,240,0,0,8
generational,ackley,4,32,240,9,2.77223475376826,240,240,0,0,8
generational,ackley,4,32,240,10,3.285314561314753,240,240,0,0,8
generational,ackley,4,32,240,11,3.8648708788727224,240,240,0,0,8
asynchronous,ackley,4,32,240,0,2.6391202746720492,240,240,0,0,238
asynchronous,ackley,4,32,240,1,3.5725810804555214,240,240,0,0,238
asynchronous,ackley,4,32,240,2,2.757049801473159,240,240,0,0,238
asynchronous,ackley,4,32,240,3,2.8563407288435525,240,240,0,0,238
asynchronous,ackley,4,32,240,4,2.8146104652188844,240,240,0,0,238
asynchronous,ackley,4,32,240,5,2.509529408823401,240,240,0,0,238
asynchronous,ackley,4,32,240,6,2.74154623746372,240,240,0,0,238
asynchronous,ackley,4,32,240,7,1.5991243387962872,240,240,0,0,238
asynchronous,ackley,4,32,240,8,3.0155892941513085,240,240,0,0,238
asynchronous,ackley,4,32,240,9,2.7529544257439373,240,240,0,0,238
asynchronous,ackley,4,32,240,10,2.48391197490253,240,240,0,0,238
asynchronous,ackley,4,32,240,11,2.608614053693121,240,240,0,0,238
generational,ackley,4,32,600,0,0.26556574587445825,600,600,0,0,19
generational,ackley,4,32,600,1,0.21404407872941578,600,600,0,0,19
generational,ackley,4,32,600,2,0.7729698577452102,600,600,0,0,19
generational,ackley,4,32,600,3,0.5779175999251405,600,600,0,0,19
generational,ackley,4,32,600,4,0.27255359783568567,600,600,0,0,19
generational,ackley,4,32,600,5,0.30712404704262086,600,600,0,0,19
generational,ackley,4,32,600,6,0.5393848611560341,600,600,0,0,19
generational,ackley,4,32,600,7,0.562711994374983,600,600,0,0,19
generational,ackley,4,32,600,8,0.3011872016693329,600,600,0,0,19
generational,ackley,4,32,600,9,0.5557274910477514,600,600,0,0,19
generational,ackley,4,32,600,10,0.8694748488365396,600,600,0,0,19
generational,ackley,4,32,600,11,0.5587378469670097,600,600,0,0,19
asynchronous,ackley,4,32,600,0,0.23158683281500148,600,600,0,0,598
asynchronous,ackley,4,32,600,1,0.3024934949714333,600,600,0,0,598
asynchronous,ackley,4,32,600,2,0.29426239737336646,600,600,0,0,598
asynchronous,ackley,4,32,600,3,0.08524683519440801,600,600,0,0,598
asynchronous,ackley,4,32,600,4,0.14583007476717968,600,600,0,0,598
asynchronous,ackley,4,32,600,5,0.12580799122948294,600,600,0,0,598
asynchronous,ackley,4,32,600,6,0.11135967123720691,600,600,0,0,598
asynchronous,ackley,4,32,600,7,0.13651475426153725,600,600,0,0,598
asynchronous,ackley,4,32,600,8,0.18542175143247563,600,600,0,0,598
asynchronous,ackley,4,32,600,9,0.22883552826910192,600,600,0,0,598
asynchronous,ackley,4,32,600,10,0.057226077904396266,600,600,0,0,598
asynchronous,ackley,4,32,600,11,0.22353894989280265,600,600,0,0,598
generational,rosenbrock,4,4,240,0,156.5917884291806,240,240,0,0,60
generational,rosenbrock,4,4,240,1,0.5639612955335176,240,240,0,0,60
generational,rosenbrock,4,4,240,2,84.51582263135197,240,240,0,0,60
generational,rosenbrock,4,4,240,3,3.8956786247837814,240,240,0,0,60
generational,rosenbrock,4,4,240,4,373.075383231855,240,240,0,0,60
generational,rosenbrock,4,4,240,5,1.0974031182784392,240,240,0,0,60
generational,rosenbrock,4,4,240,6,0.3817100105844931,240,240,0,0,60
generational,rosenbrock,4,4,240,7,120.94060346089145,240,240,0,0,60
generational,rosenbrock,4,4,240,8,32.13385814275537,240,240,0,0,60
generational,rosenbrock,4,4,240,9,2.922739395842273,240,240,0,0,60
generational,rosenbrock,4,4,240,10,178.5843326450953,240,240,0,0,60
generational,rosenbrock,4,4,240,11,1.7495306432753401,240,240,0,0,60
asynchronous,rosenbrock,4,4,240,0,5.929988311721805,240,240,0,0,238
asynchronous,rosenbrock,4,4,240,1,113.47789796925359,240,240,0,0,238
asynchronous,rosenbrock,4,4,240,2,3.9191485491878435,240,240,0,0,238
asynchronous,rosenbrock,4,4,240,3,3.8963076372466956,240,240,0,0,238
asynchronous,rosenbrock,4,4,240,4,290.5167909075967,240,240,0,0,238
asynchronous,rosenbrock,4,4,240,5,18.084944711216945,240,240,0,0,238
asynchronous,rosenbrock,4,4,240,6,7.27045523324567,240,240,0,0,238
asynchronous,rosenbrock,4,4,240,7,133.97532049911123,240,240,0,0,238
asynchronous,rosenbrock,4,4,240,8,6.165122402894648,240,240,0,0,238
asynchronous,rosenbrock,4,4,240,9,17.26530518730585,240,240,0,0,238
asynchronous,rosenbrock,4,4,240,10,0.7522153022885762,240,240,0,0,238
asynchronous,rosenbrock,4,4,240,11,205.26602340577048,240,240,0,0,238
generational,rosenbrock,4,4,600,0,156.34977095011163,600,600,0,0,150
generational,rosenbrock,4,4,600,1,0.5481752185852062,600,600,0,0,150
generational,rosenbrock,4,4,600,2,83.98563367754161,600,600,0,0,150
generational,rosenbrock,4,4,600,3,3.895203922137682,600,600,0,0,150
generational,rosenbrock,4,4,600,4,369.38433685898286,600,600,0,0,150
generational,rosenbrock,4,4,600,5,1.09740298362208,600,600,0,0,150
generational,rosenbrock,4,4,600,6,0.3809207615598932,600,600,0,0,150
generational,rosenbrock,4,4,600,7,120.87471865092954,600,600,0,0,150
generational,rosenbrock,4,4,600,8,32.02293943349871,600,600,0,0,150
generational,rosenbrock,4,4,600,9,2.7628489663454747,600,600,0,0,150
generational,rosenbrock,4,4,600,10,178.5778726977006,600,600,0,0,150
generational,rosenbrock,4,4,600,11,1.685799137457172,600,600,0,0,150
asynchronous,rosenbrock,4,4,600,0,4.2404191176341595,600,600,0,0,598
asynchronous,rosenbrock,4,4,600,1,107.36555612382668,600,600,0,0,598
asynchronous,rosenbrock,4,4,600,2,3.7929618096666062,600,600,0,0,598
asynchronous,rosenbrock,4,4,600,3,3.896057118979037,600,600,0,0,598
asynchronous,rosenbrock,4,4,600,4,290.47135572269997,600,600,0,0,598
asynchronous,rosenbrock,4,4,600,5,12.972218033611655,600,600,0,0,598
asynchronous,rosenbrock,4,4,600,6,6.505405670875112,600,600,0,0,598
asynchronous,rosenbrock,4,4,600,7,126.10023611791497,600,600,0,0,598
asynchronous,rosenbrock,4,4,600,8,6.133301226928392,600,600,0,0,598
asynchronous,rosenbrock,4,4,600,9,6.046681839086671,600,600,0,0,598
asynchronous,rosenbrock,4,4,600,10,0.5573529250993168,600,600,0,0,598
asynchronous,rosenbrock,4,4,600,11,205.25251197215687,600,600,0,0,598
generational,rosenbrock,4,8,240,0,1.5460948478584111,240,240,0,0,30
generational,rosenbrock,4,8,240,1,3.840572250554084,240,240,0,0,30
generational,rosenbrock,4,8,240,2,1.6184734395382532,240,240,0,0,30
generational,rosenbrock,4,8,240,3,12.515078317278476,240,240,0,0,30
generational,rosenbrock,4,8,240,4,2.7867592483484636,240,240,0,0,30
generational,rosenbrock,4,8,240,5,4.987618784838631,240,240,0,0,30
generational,rosenbrock,4,8,240,6,3.599888684751423,240,240,0,0,30
generational,rosenbrock,4,8,240,7,3.140899845333769,240,240,0,0,30
generational,rosenbrock,4,8,240,8,3.9438680322826047,240,240,0,0,30
generational,rosenbrock,4,8,240,9,8.236290004490867,240,240,0,0,30
generational,rosenbrock,4,8,240,10,2.2426062563823375,240,240,0,0,30
generational,rosenbrock,4,8,240,11,2.7093902516912403,240,240,0,0,30
asynchronous,rosenbrock,4,8,240,0,2.0235104416511875,240,240,0,0,238
asynchronous,rosenbrock,4,8,240,1,0.10587062024792399,240,240,0,0,238
asynchronous,rosenbrock,4,8,240,2,3.7851100077759887,240,240,0,0,238
asynchronous,rosenbrock,4,8,240,3,0.22372161835169216,240,240,0,0,238
asynchronous,rosenbrock,4,8,240,4,0.6775216975166718,240,240,0,0,238
asynchronous,rosenbrock,4,8,240,5,0.9472157884381895,240,240,0,0,238
asynchronous,rosenbrock,4,8,240,6,0.9450236729861381,240,240,0,0,238
asynchronous,rosenbrock,4,8,240,7,1.0393684596648243,240,240,0,0,238
asynchronous,rosenbrock,4,8,240,8,15.580300624154866,240,240,0,0,238
asynchronous,rosenbrock,4,8,240,9,0.704439458261373,240,240,0,0,238
asynchronous,rosenbrock,4,8,240,10,6.839752565321275,240,240,0,0,238
asynchronous,rosenbrock,4,8,240,11,3.7867485327928665,240,240,0,0,238
generational,rosenbrock,4,8,600,0,0.6952571542743659,600,600,0,0,75
generational,rosenbrock,4,8,600,1,3.614249940099188,600,600,0,0,75
generational,rosenbrock,4,8,600,2,0.36403596778281133,600,600,0,0,75
generational,rosenbrock,4,8,600,3,0.1993894596355799,600,600,0,0,75
generational,rosenbrock,4,8,600,4,1.5576518167937095,600,600,0,0,75
generational,rosenbrock,4,8,600,5,3.7043337413891684,600,600,0,0,75
generational,rosenbrock,4,8,600,6,3.487064585890746,600,600,0,0,75
generational,rosenbrock,4,8,600,7,1.607240828308851,600,600,0,0,75
generational,rosenbrock,4,8,600,8,3.7029153546646296,600,600,0,0,75
generational,rosenbrock,4,8,600,9,2.266503533665315,600,600,0,0,75
generational,rosenbrock,4,8,600,10,1.5379505397413635,600,600,0,0,75
generational,rosenbrock,4,8,600,11,0.8637575916282345,600,600,0,0,75
asynchronous,rosenbrock,4,8,600,0,0.8158028147998211,600,600,0,0,598
asynchronous,rosenbrock,4,8,600,1,0.07653664607795099,600,600,0,0,598
asynchronous,rosenbrock,4,8,600,2,3.703293354945929,600,600,0,0,598
asynchronous,rosenbrock,4,8,600,3,0.0010366059778906538,600,600,0,0,598
asynchronous,rosenbrock,4,8,600,4,0.5093655034541913,600,600,0,0,598
asynchronous,rosenbrock,4,8,600,5,0.6912102818618294,600,600,0,0,598
asynchronous,rosenbrock,4,8,600,6,0.025316723356798167,600,600,0,0,598
asynchronous,rosenbrock,4,8,600,7,0.6761518241636462,600,600,0,0,598
asynchronous,rosenbrock,4,8,600,8,3.707236946334067,600,600,0,0,598
asynchronous,rosenbrock,4,8,600,9,0.27726045605962857,600,600,0,0,598
asynchronous,rosenbrock,4,8,600,10,1.000172027330866,600,600,0,0,598
asynchronous,rosenbrock,4,8,600,11,0.6764348555455226,600,600,0,0,598
generational,rosenbrock,4,16,240,0,4.699134481595814,240,240,0,0,15
generational,rosenbrock,4,16,240,1,0.8761920865627696,240,240,0,0,15
generational,rosenbrock,4,16,240,2,37.40805755338616,240,240,0,0,15
generational,rosenbrock,4,16,240,3,6.592984128153757,240,240,0,0,15
generational,rosenbrock,4,16,240,4,33.91511609731286,240,240,0,0,15
generational,rosenbrock,4,16,240,5,6.188842176642882,240,240,0,0,15
generational,rosenbrock,4,16,240,6,1.3638348052230236,240,240,0,0,15
generational,rosenbrock,4,16,240,7,18.691807020622452,240,240,0,0,15
generational,rosenbrock,4,16,240,8,2.6617084914346094,240,240,0,0,15
generational,rosenbrock,4,16,240,9,16.181588267472392,240,240,0,0,15
generational,rosenbrock,4,16,240,10,5.6550426553215996,240,240,0,0,15
generational,rosenbrock,4,16,240,11,3.8503789690240056,240,240,0,0,15
asynchronous,rosenbrock,4,16,240,0,2.7037104768248357,240,240,0,0,238
asynchronous,rosenbrock,4,16,240,1,4.188926663124441,240,240,0,0,238
asynchronous,rosenbrock,4,16,240,2,11.047385305233846,240,240,0,0,238
asynchronous,rosenbrock,4,16,240,3,17.784538333250133,240,240,0,0,238
asynchronous,rosenbrock,4,16,240,4,69.90790201377165,240,240,0,0,238
asynchronous,rosenbrock,4,16,240,5,4.977089866490948,240,240,0,0,238
asynchronous,rosenbrock,4,16,240,6,3.5948954240095135,240,240,0,0,238
asynchronous,rosenbrock,4,16,240,7,2.3790882067309465,240,240,0,0,238
asynchronous,rosenbrock,4,16,240,8,5.2738040029435025,240,240,0,0,238
asynchronous,rosenbrock,4,16,240,9,4.151728761990952,240,240,0,0,238
asynchronous,rosenbrock,4,16,240,10,23.672197638908212,240,240,0,0,238
asynchronous,rosenbrock,4,16,240,11,6.402507339384783,240,240,0,0,238
generational,rosenbrock,4,16,600,0,0.7004429618263119,600,600,0,0,38
generational,rosenbrock,4,16,600,1,0.5518234194028222,600,600,0,0,38
generational,rosenbrock,4,16,600,2,3.926899265135927,600,600,0,0,38
generational,rosenbrock,4,16,600,3,1.0254710285447786,600,600,0,0,38
generational,rosenbrock,4,16,600,4,1.4344913500399157,600,600,0,0,38
generational,rosenbrock,4,16,600,5,1.2927190334718117,600,600,0,0,38
generational,rosenbrock,4,16,600,6,1.0853419502832966,600,600,0,0,38
generational,rosenbrock,4,16,600,7,2.9550258976383987,600,600,0,0,38
generational,rosenbrock,4,16,600,8,0.7744181585470216,600,600,0,0,38
generational,rosenbrock,4,16,600,9,3.722081611533754,600,600,0,0,38
generational,rosenbrock,4,16,600,10,0.5085768461183557,600,600,0,0,38
generational,rosenbrock,4,16,600,11,1.997251063429002,600,600,0,0,38
asynchronous,rosenbrock,4,16,600,0,1.1544458787973624,600,600,0,0,598
asynchronous,rosenbrock,4,16,600,1,0.7481964448773151,600,600,0,0,598
asynchronous,rosenbrock,4,16,600,2,4.132869385678153,600,600,0,0,598
asynchronous,rosenbrock,4,16,600,3,3.783609135376264,600,600,0,0,598
asynchronous,rosenbrock,4,16,600,4,2.7349981112825743,600,600,0,0,598
asynchronous,rosenbrock,4,16,600,5,0.6985939736348213,600,600,0,0,598
asynchronous,rosenbrock,4,16,600,6,1.0635854479491995,600,600,0,0,598
asynchronous,rosenbrock,4,16,600,7,0.03026309354942405,600,600,0,0,598
asynchronous,rosenbrock,4,16,600,8,1.052260586990716,600,600,0,0,598
asynchronous,rosenbrock,4,16,600,9,0.5341240267425382,600,600,0,0,598
asynchronous,rosenbrock,4,16,600,10,0.05824030571871623,600,600,0,0,598
asynchronous,rosenbrock,4,16,600,11,3.8161780029604757,600,600,0,0,598
generational,rosenbrock,4,32,240,0,17.859321199463487,240,240,0,0,8
generational,rosenbrock,4,32,240,1,48.33637043970813,240,240,0,0,8
generational,rosenbrock,4,32,240,2,11.156573271982163,240,240,0,0,8
generational,rosenbrock,4,32,240,3,70.7358185192647,240,240,0,0,8
generational,rosenbrock,4,32,240,4,57.490058713947064,240,240,0,0,8
generational,rosenbrock,4,32,240,5,7.895700212159789,240,240,0,0,8
generational,rosenbrock,4,32,240,6,16.71765963353902,240,240,0,0,8
generational,rosenbrock,4,32,240,7,33.529989853510344,240,240,0,0,8
generational,rosenbrock,4,32,240,8,22.607705135060037,240,240,0,0,8
generational,rosenbrock,4,32,240,9,45.90177074103846,240,240,0,0,8
generational,rosenbrock,4,32,240,10,207.35754512274178,240,240,0,0,8
generational,rosenbrock,4,32,240,11,76.51372450763687,240,240,0,0,8
asynchronous,rosenbrock,4,32,240,0,41.725323611189296,240,240,0,0,238
asynchronous,rosenbrock,4,32,240,1,23.47495540554032,240,240,0,0,238
asynchronous,rosenbrock,4,32,240,2,13.496353767631273,240,240,0,0,238
asynchronous,rosenbrock,4,32,240,3,113.13383823631419,240,240,0,0,238
asynchronous,rosenbrock,4,32,240,4,16.185459141091965,240,240,0,0,238
asynchronous,rosenbrock,4,32,240,5,33.070115411082696,240,240,0,0,238
asynchronous,rosenbrock,4,32,240,6,37.50638415910722,240,240,0,0,238
asynchronous,rosenbrock,4,32,240,7,47.87065155611062,240,240,0,0,238
asynchronous,rosenbrock,4,32,240,8,25.069937091947548,240,240,0,0,238
asynchronous,rosenbrock,4,32,240,9,39.018092999886846,240,240,0,0,238
asynchronous,rosenbrock,4,32,240,10,38.40990978054798,240,240,0,0,238
asynchronous,rosenbrock,4,32,240,11,24.87069339552683,240,240,0,0,238
generational,rosenbrock,4,32,600,0,1.7731636064347818,600,600,0,0,19
generational,rosenbrock,4,32,600,1,5.527798369239459,600,600,0,0,19
generational,rosenbrock,4,32,600,2,2.0735494065507476,600,600,0,0,19
generational,rosenbrock,4,32,600,3,3.090751903897097,600,600,0,0,19
generational,rosenbrock,4,32,600,4,5.341346997809108,600,600,0,0,19
generational,rosenbrock,4,32,600,5,2.1548874960919635,600,600,0,0,19
generational,rosenbrock,4,32,600,6,5.803553088068009,600,600,0,0,19
generational,rosenbrock,4,32,600,7,4.162429742334108,600,600,0,0,19
generational,rosenbrock,4,32,600,8,3.3700063372544005,600,600,0,0,19
generational,rosenbrock,4,32,600,9,3.4022603337010953,600,600,0,0,19
generational,rosenbrock,4,32,600,10,4.245067713683239,600,600,0,0,19
generational,rosenbrock,4,32,600,11,5.4499244713561845,600,600,0,0,19
asynchronous,rosenbrock,4,32,600,0,3.37030304387834,600,600,0,0,598
asynchronous,rosenbrock,4,32,600,1,0.5385316352251159,600,600,0,0,598
asynchronous,rosenbrock,4,32,600,2,1.659918298572747,600,600,0,0,598
asynchronous,rosenbrock,4,32,600,3,1.7152737968334906,600,600,0,0,598
asynchronous,rosenbrock,4,32,600,4,4.276942428908298,600,600,0,0,598
asynchronous,rosenbrock,4,32,600,5,2.586478550336885,600,600,0,0,598
asynchronous,rosenbrock,4,32,600,6,2.5747363438114825,600,600,0,0,598
asynchronous,rosenbrock,4,32,600,7,1.0017729842137943,600,600,0,0,598
asynchronous,rosenbrock,4,32,600,8,1.7998997476766783,600,600,0,0,598
asynchronous,rosenbrock,4,32,600,9,1.8338283278721974,600,600,0,0,598
asynchronous,rosenbrock,4,32,600,10,2.18408159729047,600,600,0,0,598
asynchronous,rosenbrock,4,32,600,11,3.3469051500041953,600,600,0,0,598
generational,rastrigin,8,8,240,0,35.65106399023054,240,240,0,0,30
generational,rastrigin,8,8,240,1,51.314678942896336,240,240,0,0,30
generational,rastrigin,8,8,240,2,32.736343507321976,240,240,0,0,30
generational,rastrigin,8,8,240,3,44.26847476110266,240,240,0,0,30
generational,rastrigin,8,8,240,4,37.568248703754584,240,240,0,0,30
generational,rastrigin,8,8,240,5,22.41314655165695,240,240,0,0,30
generational,rastrigin,8,8,240,6,36.48928734679171,240,240,0,0,30
generational,rastrigin,8,8,240,7,31.399180176506135,240,240,0,0,30
generational,rastrigin,8,8,240,8,31.598583305616245,240,240,0,0,30
generational,rastrigin,8,8,240,9,32.601369794604736,240,240,0,0,30
generational,rastrigin,8,8,240,10,41.27117965612365,240,240,0,0,30
generational,rastrigin,8,8,240,11,49.50142422221195,240,240,0,0,30
asynchronous,rastrigin,8,8,240,0,34.376878500174556,240,240,0,0,238
asynchronous,rastrigin,8,8,240,1,19.22072360319001,240,240,0,0,238
asynchronous,rastrigin,8,8,240,2,42.09309082016387,240,240,0,0,238
asynchronous,rastrigin,8,8,240,3,20.628049780722,240,240,0,0,238
asynchronous,rastrigin,8,8,240,4,21.685530678440088,240,240,0,0,238
asynchronous,rastrigin,8,8,240,5,53.79917384909893,240,240,0,0,238
asynchronous,rastrigin,8,8,240,6,32.2619278432672,240,240,0,0,238
asynchronous,rastrigin,8,8,240,7,30.63173759680557,240,240,0,0,238
asynchronous,rastrigin,8,8,240,8,25.758297721997607,240,240,0,0,238
asynchronous,rastrigin,8,8,240,9,47.851222286931744,240,240,0,0,238
asynchronous,rastrigin,8,8,240,10,36.26254946944769,240,240,0,0,238
asynchronous,rastrigin,8,8,240,11,40.903534749210095,240,240,0,0,238
generational,rastrigin,8,8,600,0,17.649693124609414,600,600,0,0,75
generational,rastrigin,8,8,600,1,14.329344329474182,600,600,0,0,75
generational,rastrigin,8,8,600,2,14.544042549435744,600,600,0,0,75
generational,rastrigin,8,8,600,3,21.252390702510965,600,600,0,0,75
generational,rastrigin,8,8,600,4,12.723521409649578,600,600,0,0,75
generational,rastrigin,8,8,600,5,13.980045914210024,600,600,0,0,75
generational,rastrigin,8,8,600,6,12.228072684327529,600,600,0,0,75
generational,rastrigin,8,8,600,7,13.312217798729733,600,600,0,0,75
generational,rastrigin,8,8,600,8,17.075133566399785,600,600,0,0,75
generational,rastrigin,8,8,600,9,7.61924374954026,600,600,0,0,75
generational,rastrigin,8,8,600,10,19.75114912533529,600,600,0,0,75
generational,rastrigin,8,8,600,11,21.594259268465123,600,600,0,0,75
asynchronous,rastrigin,8,8,600,0,4.266583598927241,600,600,0,0,598
asynchronous,rastrigin,8,8,600,1,11.423327456401196,600,600,0,0,598
asynchronous,rastrigin,8,8,600,2,9.2524734333753,600,600,0,0,598
asynchronous,rastrigin,8,8,600,3,8.575152429030396,600,600,0,0,598
asynchronous,rastrigin,8,8,600,4,14.669045689546323,600,600,0,0,598
asynchronous,rastrigin,8,8,600,5,22.05056215974963,600,600,0,0,598
asynchronous,rastrigin,8,8,600,6,11.037469678043806,600,600,0,0,598
asynchronous,rastrigin,8,8,600,7,10.634341695829235,600,600,0,0,598
asynchronous,rastrigin,8,8,600,8,6.095490714475446,600,600,0,0,598
asynchronous,rastrigin,8,8,600,9,17.479834950271552,600,600,0,0,598
asynchronous,rastrigin,8,8,600,10,30.09045871062679,600,600,0,0,598
asynchronous,rastrigin,8,8,600,11,10.800089048627498,600,600,0,0,598
generational,rastrigin,8,8,1200,0,9.95355016020497,1200,1200,0,0,150
generational,rastrigin,8,8,1200,1,10.94530200592888,1200,1200,0,0,150
generational,rastrigin,8,8,1200,2,10.975864480557775,1200,1200,0,0,150
generational,rastrigin,8,8,1200,3,19.89932378434787,1200,1200,0,0,150
generational,rastrigin,8,8,1200,4,12.123647720773135,1200,1200,0,0,150
generational,rastrigin,8,8,1200,5,13.930581436276782,1200,1200,0,0,150
generational,rastrigin,8,8,1200,6,9.953795179690175,1200,1200,0,0,150
generational,rastrigin,8,8,1200,7,12.934437913473658,1200,1200,0,0,150
generational,rastrigin,8,8,1200,8,11.939566727509117,1200,1200,0,0,150
generational,rastrigin,8,8,1200,9,6.09333904952139,1200,1200,0,0,150
generational,rastrigin,8,8,1200,10,12.95343614861521,1200,1200,0,0,150
generational,rastrigin,8,8,1200,11,19.03224548055094,1200,1200,0,0,150
asynchronous,rastrigin,8,8,1200,0,3.984201859920219,1200,1200,0,0,1198
asynchronous,rastrigin,8,8,1200,1,9.951596587236452,1200,1200,0,0,1198
asynchronous,rastrigin,8,8,1200,2,6.114338491841025,1200,1200,0,0,1198
asynchronous,rastrigin,8,8,1200,3,7.286442612107777,1200,1200,0,0,1198
asynchronous,rastrigin,8,8,1200,4,12.934838492371426,1200,1200,0,0,1198
asynchronous,rastrigin,8,8,1200,5,6.316788947052231,1200,1200,0,0,1198
asynchronous,rastrigin,8,8,1200,6,10.944702116733254,1200,1200,0,0,1198
asynchronous,rastrigin,8,8,1200,7,7.965861571998573,1200,1200,0,0,1198
asynchronous,rastrigin,8,8,1200,8,5.96977798627114,1200,1200,0,0,1198
asynchronous,rastrigin,8,8,1200,9,16.05635297211367,1200,1200,0,0,1198
asynchronous,rastrigin,8,8,1200,10,29.848721412995104,1200,1200,0,0,1198
asynchronous,rastrigin,8,8,1200,11,9.950895326099982,1200,1200,0,0,1198
generational,rastrigin,8,16,240,0,73.39948632968306,240,240,0,0,15
generational,rastrigin,8,16,240,1,44.740285782584415,240,240,0,0,15
generational,rastrigin,8,16,240,2,39.17892983802069,240,240,0,0,15
generational,rastrigin,8,16,240,3,34.72639124566595,240,240,0,0,15
generational,rastrigin,8,16,240,4,42.52199428477262,240,240,0,0,15
generational,rastrigin,8,16,240,5,52.427395798833544,240,240,0,0,15
generational,rastrigin,8,16,240,6,36.687455536430264,240,240,0,0,15
generational,rastrigin,8,16,240,7,66.29750970943147,240,240,0,0,15
generational,rastrigin,8,16,240,8,47.25165406131879,240,240,0,0,15
generational,rastrigin,8,16,240,9,48.66641407697455,240,240,0,0,15
generational,rastrigin,8,16,240,10,55.55282479482696,240,240,0,0,15
generational,rastrigin,8,16,240,11,33.02609145305195,240,240,0,0,15
asynchronous,rastrigin,8,16,240,0,49.689727453495486,240,240,0,0,238
asynchronous,rastrigin,8,16,240,1,37.947970091349134,240,240,0,0,238
asynchronous,rastrigin,8,16,240,2,46.86470303465307,240,240,0,0,238
asynchronous,rastrigin,8,16,240,3,43.55775302382341,240,240,0,0,238
asynchronous,rastrigin,8,16,240,4,29.485203768193635,240,240,0,0,238
asynchronous,rastrigin,8,16,240,5,61.87527956391799,240,240,0,0,238
asynchronous,rastrigin,8,16,240,6,28.684575120179176,240,240,0,0,238
asynchronous,rastrigin,8,16,240,7,67.44765101059987,240,240,0,0,238
asynchronous,rastrigin,8,16,240,8,40.394456945566425,240,240,0,0,238
asynchronous,rastrigin,8,16,240,9,33.17555638074246,240,240,0,0,238
asynchronous,rastrigin,8,16,240,10,41.43014124256546,240,240,0,0,238
asynchronous,rastrigin,8,16,240,11,55.588248532760744,240,240,0,0,238
generational,rastrigin,8,16,600,0,20.849649193868025,600,600,0,0,38
generational,rastrigin,8,16,600,1,38.052430080067396,600,600,0,0,38
generational,rastrigin,8,16,600,2,17.798498390342594,600,600,0,0,38
generational,rastrigin,8,16,600,3,20.972875722794633,600,600,0,0,38
generational,rastrigin,8,16,600,4,12.559966044349437,600,600,0,0,38
generational,rastrigin,8,16,600,5,34.04135608284771,600,600,0,0,38
generational,rastrigin,8,16,600,6,24.079386193959273,600,600,0,0,38
generational,rastrigin,8,16,600,7,32.75624063746323,600,600,0,0,38
generational,rastrigin,8,16,600,8,45.44692600890832,600,600,0,0,38
generational,rastrigin,8,16,600,9,40.04083490177581,600,600,0,0,38
generational,rastrigin,8,16,600,10,26.652221905545495,600,600,0,0,38
generational,rastrigin,8,16,600,11,32.82333134290673,600,600,0,0,38
asynchronous,rastrigin,8,16,600,0,18.849281926761904,600,600,0,0,598
asynchronous,rastrigin,8,16,600,1,37.947970091349134,600,600,0,0,598
asynchronous,rastrigin,8,16,600,2,22.20432500669412,600,600,0,0,598
asynchronous,rastrigin,8,16,600,3,28.312354665165316,600,600,0,0,598
asynchronous,rastrigin,8,16,600,4,23.338920824182892,600,600,0,0,598
asynchronous,rastrigin,8,16,600,5,35.15995584238212,600,600,0,0,598
asynchronous,rastrigin,8,16,600,6,15.642225257146379,600,600,0,0,598
asynchronous,rastrigin,8,16,600,7,30.899327723146357,600,600,0,0,598
asynchronous,rastrigin,8,16,600,8,15.31023857864021,600,600,0,0,598
asynchronous,rastrigin,8,16,600,9,25.211555401338323,600,600,0,0,598
asynchronous,rastrigin,8,16,600,10,33.06190339468145,600,600,0,0,598
asynchronous,rastrigin,8,16,600,11,38.594831264615664,600,600,0,0,598
generational,rastrigin,8,16,1200,0,10.641469578534895,1200,1200,0,0,75
generational,rastrigin,8,16,1200,1,13.924065345545245,1200,1200,0,0,75
generational,rastrigin,8,16,1200,2,9.747744660819322,1200,1200,0,0,75
generational,rastrigin,8,16,1200,3,10.777699216600155,1200,1200,0,0,75
generational,rastrigin,8,16,1200,4,9.962443002402921,1200,1200,0,0,75
generational,rastrigin,8,16,1200,5,14.156802963534005,1200,1200,0,0,75
generational,rastrigin,8,16,1200,6,15.568428625377848,1200,1200,0,0,75
generational,rastrigin,8,16,1200,7,11.496804285416289,1200,1200,0,0,75
generational,rastrigin,8,16,1200,8,7.57513005755699,1200,1200,0,0,75
generational,rastrigin,8,16,1200,9,22.11481382523344,1200,1200,0,0,75
generational,rastrigin,8,16,1200,10,16.98327705321637,1200,1200,0,0,75
generational,rastrigin,8,16,1200,11,5.282679829872393,1200,1200,0,0,75
asynchronous,rastrigin,8,16,1200,0,9.342980760515601,1200,1200,0,0,1198
asynchronous,rastrigin,8,16,1200,1,32.49637279207502,1200,1200,0,0,1198
asynchronous,rastrigin,8,16,1200,2,9.101325611103618,1200,1200,0,0,1198
asynchronous,rastrigin,8,16,1200,3,20.230765557059954,1200,1200,0,0,1198
asynchronous,rastrigin,8,16,1200,4,13.458136351421103,1200,1200,0,0,1198
asynchronous,rastrigin,8,16,1200,5,10.049931381401336,1200,1200,0,0,1198
asynchronous,rastrigin,8,16,1200,6,10.09957049682859,1200,1200,0,0,1198
asynchronous,rastrigin,8,16,1200,7,13.04955281730399,1200,1200,0,0,1198
asynchronous,rastrigin,8,16,1200,8,8.266692082818793,1200,1200,0,0,1198
asynchronous,rastrigin,8,16,1200,9,11.76605739318714,1200,1200,0,0,1198
asynchronous,rastrigin,8,16,1200,10,9.38696945381895,1200,1200,0,0,1198
asynchronous,rastrigin,8,16,1200,11,24.09730689260003,1200,1200,0,0,1198
generational,rastrigin,8,32,240,0,50.61568258813383,240,240,0,0,8
generational,rastrigin,8,32,240,1,68.98788001255157,240,240,0,0,8
generational,rastrigin,8,32,240,2,45.6666160696684,240,240,0,0,8
generational,rastrigin,8,32,240,3,43.164897807589995,240,240,0,0,8
generational,rastrigin,8,32,240,4,57.95489836074256,240,240,0,0,8
generational,rastrigin,8,32,240,5,54.4096125899047,240,240,0,0,8
generational,rastrigin,8,32,240,6,69.91845620328714,240,240,0,0,8
generational,rastrigin,8,32,240,7,36.259787223289635,240,240,0,0,8
generational,rastrigin,8,32,240,8,49.92843908838756,240,240,0,0,8
generational,rastrigin,8,32,240,9,50.669593404892744,240,240,0,0,8
generational,rastrigin,8,32,240,10,58.30255401855971,240,240,0,0,8
generational,rastrigin,8,32,240,11,66.89729587218885,240,240,0,0,8
asynchronous,rastrigin,8,32,240,0,60.51335762515227,240,240,0,0,238
asynchronous,rastrigin,8,32,240,1,61.08941643582175,240,240,0,0,238
asynchronous,rastrigin,8,32,240,2,54.33808129356308,240,240,0,0,238
asynchronous,rastrigin,8,32,240,3,47.849506537761044,240,240,0,0,238
asynchronous,rastrigin,8,32,240,4,61.82326119946903,240,240,0,0,238
asynchronous,rastrigin,8,32,240,5,50.761287086197456,240,240,0,0,238
asynchronous,rastrigin,8,32,240,6,43.13389535914551,240,240,0,0,238
asynchronous,rastrigin,8,32,240,7,61.248327474803865,240,240,0,0,238
asynchronous,rastrigin,8,32,240,8,54.454303048640014,240,240,0,0,238
asynchronous,rastrigin,8,32,240,9,62.38801435597938,240,240,0,0,238
asynchronous,rastrigin,8,32,240,10,49.06717667268147,240,240,0,0,238
asynchronous,rastrigin,8,32,240,11,42.78989961833424,240,240,0,0,238
generational,rastrigin,8,32,600,0,25.30415598331058,600,600,0,0,19
generational,rastrigin,8,32,600,1,43.64112934274556,600,600,0,0,19
generational,rastrigin,8,32,600,2,37.14923271176678,600,600,0,0,19
generational,rastrigin,8,32,600,3,27.731292574672302,600,600,0,0,19
generational,rastrigin,8,32,600,4,36.65845433275699,600,600,0,0,19
generational,rastrigin,8,32,600,5,52.68596943396565,600,600,0,0,19
generational,rastrigin,8,32,600,6,45.45177943144184,600,600,0,0,19
generational,rastrigin,8,32,600,7,31.88187819363297,600,600,0,0,19
generational,rastrigin,8,32,600,8,40.140687479395666,600,600,0,0,19
generational,rastrigin,8,32,600,9,34.1242103670742,600,600,0,0,19
generational,rastrigin,8,32,600,10,52.2182582114808,600,600,0,0,19
generational,rastrigin,8,32,600,11,38.22901474142373,600,600,0,0,19
asynchronous,rastrigin,8,32,600,0,47.550146718732435,600,600,0,0,598
asynchronous,rastrigin,8,32,600,1,41.59197348928795,600,600,0,0,598
asynchronous,rastrigin,8,32,600,2,40.22938911409294,600,600,0,0,598
asynchronous,rastrigin,8,32,600,3,38.39195181716292,600,600,0,0,598
asynchronous,rastrigin,8,32,600,4,43.778794761108756,600,600,0,0,598
asynchronous,rastrigin,8,32,600,5,48.89939471164074,600,600,0,0,598
asynchronous,rastrigin,8,32,600,6,43.13389535914551,600,600,0,0,598
asynchronous,rastrigin,8,32,600,7,51.72883443496374,600,600,0,0,598
asynchronous,rastrigin,8,32,600,8,49.55891851359429,600,600,0,0,598
asynchronous,rastrigin,8,32,600,9,47.0575892179684,600,600,0,0,598
asynchronous,rastrigin,8,32,600,10,44.07931234167221,600,600,0,0,598
asynchronous,rastrigin,8,32,600,11,39.36365580507896,600,600,0,0,598
generational,rastrigin,8,32,1200,0,25.30415598331058,1200,1200,0,0,38
generational,rastrigin,8,32,1200,1,30.798739681378834,1200,1200,0,0,38
generational,rastrigin,8,32,1200,2,31.674582925985312,1200,1200,0,0,38
generational,rastrigin,8,32,1200,3,25.8526007399065,1200,1200,0,0,38
generational,rastrigin,8,32,1200,4,33.291198740313945,1200,1200,0,0,38
generational,rastrigin,8,32,1200,5,38.05096297656802,1200,1200,0,0,38
generational,rastrigin,8,32,1200,6,32.92489817188992,1200,1200,0,0,38
generational,rastrigin,8,32,1200,7,22.03027296133019,1200,1200,0,0,38
generational,rastrigin,8,32,1200,8,29.31004865088422,1200,1200,0,0,38
generational,rastrigin,8,32,1200,9,26.85809796670464,1200,1200,0,0,38
generational,rastrigin,8,32,1200,10,35.645741711739376,1200,1200,0,0,38
generational,rastrigin,8,32,1200,11,23.3770778014429,1200,1200,0,0,38
asynchronous,rastrigin,8,32,1200,0,38.26302093184438,1200,1200,0,0,1198
asynchronous,rastrigin,8,32,1200,1,41.39044776863384,1200,1200,0,0,1198
asynchronous,rastrigin,8,32,1200,2,40.22938911409294,1200,1200,0,0,1198
asynchronous,rastrigin,8,32,1200,3,31.722624541838357,1200,1200,0,0,1198
asynchronous,rastrigin,8,32,1200,4,36.75165738316369,1200,1200,0,0,1198
asynchronous,rastrigin,8,32,1200,5,35.90219473186222,1200,1200,0,0,1198
asynchronous,rastrigin,8,32,1200,6,41.189537674142656,1200,1200,0,0,1198
asynchronous,rastrigin,8,32,1200,7,25.446398579891685,1200,1200,0,0,1198
asynchronous,rastrigin,8,32,1200,8,18.12821991254522,1200,1200,0,0,1198
asynchronous,rastrigin,8,32,1200,9,26.297004595737036,1200,1200,0,0,1198
asynchronous,rastrigin,8,32,1200,10,33.76713419132275,1200,1200,0,0,1198
asynchronous,rastrigin,8,32,1200,11,32.091303336269775,1200,1200,0,0,1198
generational,sphere,8,8,240,0,2.3107621820959805,240,240,0,0,30
generational,sphere,8,8,240,1,1.1116938279691522,240,240,0,0,30
generational,sphere,8,8,240,2,0.26531772043901103,240,240,0,0,30
generational,sphere,8,8,240,3,0.5156449623246085,240,240,0,0,30
generational,sphere,8,8,240,4,0.2747722084434828,240,240,0,0,30
generational,sphere,8,8,240,5,8.525339913238353,240,240,0,0,30
generational,sphere,8,8,240,6,0.3270053896417873,240,240,0,0,30
generational,sphere,8,8,240,7,0.23748644500535113,240,240,0,0,30
generational,sphere,8,8,240,8,0.5030417891359129,240,240,0,0,30
generational,sphere,8,8,240,9,0.5199750418026753,240,240,0,0,30
generational,sphere,8,8,240,10,0.270447899242819,240,240,0,0,30
generational,sphere,8,8,240,11,0.4109920075404097,240,240,0,0,30
asynchronous,sphere,8,8,240,0,0.12711599774322507,240,240,0,0,238
asynchronous,sphere,8,8,240,1,0.26215563099668204,240,240,0,0,238
asynchronous,sphere,8,8,240,2,0.21363112960521619,240,240,0,0,238
asynchronous,sphere,8,8,240,3,6.706696209494025,240,240,0,0,238
asynchronous,sphere,8,8,240,4,0.11430621406019163,240,240,0,0,238
asynchronous,sphere,8,8,240,5,1.3757718019896905,240,240,0,0,238
asynchronous,sphere,8,8,240,6,0.08323068198315522,240,240,0,0,238
asynchronous,sphere,8,8,240,7,1.2396434508193857,240,240,0,0,238
asynchronous,sphere,8,8,240,8,0.0970868516089363,240,240,0,0,238
asynchronous,sphere,8,8,240,9,0.06002138686242637,240,240,0,0,238
asynchronous,sphere,8,8,240,10,1.0105700014562933,240,240,0,0,238
asynchronous,sphere,8,8,240,11,0.2525230450933528,240,240,0,0,238
generational,sphere,8,8,600,0,0.47773511091028764,600,600,0,0,75
generational,sphere,8,8,600,1,0.0014992342274891797,600,600,0,0,75
generational,sphere,8,8,600,2,0.0007520490683079168,600,600,0,0,75
generational,sphere,8,8,600,3,0.2224615435349282,600,600,0,0,75
generational,sphere,8,8,600,4,0.0006915182295273846,600,600,0,0,75
generational,sphere,8,8,600,5,3.624173303223461,600,600,0,0,75
generational,sphere,8,8,600,6,0.00035689916825943735,600,600,0,0,75
generational,sphere,8,8,600,7,0.05063597922982135,600,600,0,0,75
generational,sphere,8,8,600,8,0.05698028541514526,600,600,0,0,75
generational,sphere,8,8,600,9,0.09450397149275987,600,600,0,0,75
generational,sphere,8,8,600,10,2.0079417125961503e-05,600,600,0,0,75
generational,sphere,8,8,600,11,2.2685176157773976e-05,600,600,0,0,75
asynchronous,sphere,8,8,600,0,0.0006246700098906871,600,600,0,0,598
asynchronous,sphere,8,8,600,1,0.038207676904900886,600,600,0,0,598
asynchronous,sphere,8,8,600,2,0.00021249270509867438,600,600,0,0,598
asynchronous,sphere,8,8,600,3,0.21067856292285966,600,600,0,0,598
asynchronous,sphere,8,8,600,4,0.0010137034242289858,600,600,0,0,598
asynchronous,sphere,8,8,600,5,0.00911362677542008,600,600,0,0,598
asynchronous,sphere,8,8,600,6,0.0033796897968930368,600,600,0,0,598
asynchronous,sphere,8,8,600,7,0.05179365329480756,600,600,0,0,598
asynchronous,sphere,8,8,600,8,0.00012305716047686103,600,600,0,0,598
asynchronous,sphere,8,8,600,9,0.0018180610272672331,600,600,0,0,598
asynchronous,sphere,8,8,600,10,0.015267875160590381,600,600,0,0,598
asynchronous,sphere,8,8,600,11,0.0008884070743134248,600,600,0,0,598
generational,sphere,8,8,1200,0,0.05869266620507772,1200,1200,0,0,150
generational,sphere,8,8,1200,1,0.0003692413929114102,1200,1200,0,0,150
generational,sphere,8,8,1200,2,6.547831532705665e-09,1200,1200,0,0,150
generational,sphere,8,8,1200,3,6.624181181679233e-06,1200,1200,0,0,150
generational,sphere,8,8,1200,4,1.18768857299806e-07,1200,1200,0,0,150
generational,sphere,8,8,1200,5,2.6723358825147883,1200,1200,0,0,150
generational,sphere,8,8,1200,6,0.00013057907641159656,1200,1200,0,0,150
generational,sphere,8,8,1200,7,0.02722475481770946,1200,1200,0,0,150
generational,sphere,8,8,1200,8,0.02044186644538717,1200,1200,0,0,150
generational,sphere,8,8,1200,9,0.00021101506484882292,1200,1200,0,0,150
generational,sphere,8,8,1200,10,1.4293418426863753e-08,1200,1200,0,0,150
generational,sphere,8,8,1200,11,1.245960245378467e-08,1200,1200,0,0,150
asynchronous,sphere,8,8,1200,0,4.604903942678631e-08,1200,1200,0,0,1198
asynchronous,sphere,8,8,1200,1,0.000588827464025148,1200,1200,0,0,1198
asynchronous,sphere,8,8,1200,2,1.1369358997005191e-07,1200,1200,0,0,1198
asynchronous,sphere,8,8,1200,3,0.0009806634648909375,1200,1200,0,0,1198
asynchronous,sphere,8,8,1200,4,1.1989020642684596e-08,1200,1200,0,0,1198
asynchronous,sphere,8,8,1200,5,0.0004923333502638428,1200,1200,0,0,1198
asynchronous,sphere,8,8,1200,6,3.840163771382812e-05,1200,1200,0,0,1198
asynchronous,sphere,8,8,1200,7,2.3691538388374538e-07,1200,1200,0,0,1198
asynchronous,sphere,8,8,1200,8,1.0181467986395141e-07,1200,1200,0,0,1198
asynchronous,sphere,8,8,1200,9,2.9306578233292944e-07,1200,1200,0,0,1198
asynchronous,sphere,8,8,1200,10,0.0003149709415144805,1200,1200,0,0,1198
asynchronous,sphere,8,8,1200,11,1.221145910221907e-05,1200,1200,0,0,1198
generational,sphere,8,16,240,0,2.7647227398064116,240,240,0,0,15
generational,sphere,8,16,240,1,1.9746167349147283,240,240,0,0,15
generational,sphere,8,16,240,2,3.1840109129259426,240,240,0,0,15
generational,sphere,8,16,240,3,2.5946181458643207,240,240,0,0,15
generational,sphere,8,16,240,4,2.1208194453919065,240,240,0,0,15
generational,sphere,8,16,240,5,1.8884135557425243,240,240,0,0,15
generational,sphere,8,16,240,6,2.889171126327687,240,240,0,0,15
generational,sphere,8,16,240,7,1.4613670501769827,240,240,0,0,15
generational,sphere,8,16,240,8,1.0537307024943419,240,240,0,0,15
generational,sphere,8,16,240,9,1.364365798396582,240,240,0,0,15
generational,sphere,8,16,240,10,0.2656975953114323,240,240,0,0,15
generational,sphere,8,16,240,11,1.5808981708087861,240,240,0,0,15
asynchronous,sphere,8,16,240,0,1.720849572171602,240,240,0,0,238
asynchronous,sphere,8,16,240,1,2.527236393498926,240,240,0,0,238
asynchronous,sphere,8,16,240,2,3.6274438508381106,240,240,0,0,238
asynchronous,sphere,8,16,240,3,0.8370802823791657,240,240,0,0,238
asynchronous,sphere,8,16,240,4,0.2100945430260432,240,240,0,0,238
asynchronous,sphere,8,16,240,5,1.5914969653790865,240,240,0,0,238
asynchronous,sphere,8,16,240,6,1.9507785376742524,240,240,0,0,238
asynchronous,sphere,8,16,240,7,1.6470397730316995,240,240,0,0,238
asynchronous,sphere,8,16,240,8,2.3036118178418654,240,240,0,0,238
asynchronous,sphere,8,16,240,9,2.2061892629198927,240,240,0,0,238
asynchronous,sphere,8,16,240,10,0.3864651015312305,240,240,0,0,238
asynchronous,sphere,8,16,240,11,3.2476294329013347,240,240,0,0,238
generational,sphere,8,16,600,0,0.06382276278327226,600,600,0,0,38
generational,sphere,8,16,600,1,0.034348384809869105,600,600,0,0,38
generational,sphere,8,16,600,2,0.050144007603521015,600,600,0,0,38
generational,sphere,8,16,600,3,0.0307617591641224,600,600,0,0,38
generational,sphere,8,16,600,4,0.05239813158211863,600,600,0,0,38
generational,sphere,8,16,600,5,0.003293549924369913,600,600,0,0,38
generational,sphere,8,16,600,6,0.025846014682037812,600,600,0,0,38
generational,sphere,8,16,600,7,0.10289151466489699,600,600,0,0,38
generational,sphere,8,16,600,8,0.05040457740301625,600,600,0,0,38
generational,sphere,8,16,600,9,0.013582334903647929,600,600,0,0,38
generational,sphere,8,16,600,10,0.006841107141469479,600,600,0,0,38
generational,sphere,8,16,600,11,0.016163488053689067,600,600,0,0,38
asynchronous,sphere,8,16,600,0,0.028742973941511714,600,600,0,0,598
asynchronous,sphere,8,16,600,1,0.04236267356927756,600,600,0,0,598
asynchronous,sphere,8,16,600,2,0.029881215816082246,600,600,0,0,598
asynchronous,sphere,8,16,600,3,0.005997820080191839,600,600,0,0,598
asynchronous,sphere,8,16,600,4,0.005175924988268299,600,600,0,0,598
asynchronous,sphere,8,16,600,5,0.01168301658957698,600,600,0,0,598
asynchronous,sphere,8,16,600,6,0.014167228508123329,600,600,0,0,598
asynchronous,sphere,8,16,600,7,0.011980116711130969,600,600,0,0,598
asynchronous,sphere,8,16,600,8,0.014981447524127868,600,600,0,0,598
asynchronous,sphere,8,16,600,9,0.008946279726713862,600,600,0,0,598
asynchronous,sphere,8,16,600,10,0.002963299749093148,600,600,0,0,598
asynchronous,sphere,8,16,600,11,0.03803623265490286,600,600,0,0,598
generational,sphere,8,16,1200,0,8.133219966950075e-05,1200,1200,0,0,75
generational,sphere,8,16,1200,1,2.7489608086660148e-05,1200,1200,0,0,75
generational,sphere,8,16,1200,2,0.00019757385598184054,1200,1200,0,0,75
generational,sphere,8,16,1200,3,3.0423026129413496e-05,1200,1200,0,0,75
generational,sphere,8,16,1200,4,0.00011099978736846407,1200,1200,0,0,75
generational,sphere,8,16,1200,5,3.722022790476157e-06,1200,1200,0,0,75
generational,sphere,8,16,1200,6,2.1992408327518786e-05,1200,1200,0,0,75
generational,sphere,8,16,1200,7,6.177969282918539e-05,1200,1200,0,0,75
generational,sphere,8,16,1200,8,8.014247825491514e-05,1200,1200,0,0,75
generational,sphere,8,16,1200,9,1.9714660351615042e-05,1200,1200,0,0,75
generational,sphere,8,16,1200,10,1.3852076476258769e-05,1200,1200,0,0,75
generational,sphere,8,16,1200,11,7.529488644620682e-06,1200,1200,0,0,75
asynchronous,sphere,8,16,1200,0,3.8952290997881996e-05,1200,1200,0,0,1198
asynchronous,sphere,8,16,1200,1,7.337104764746089e-05,1200,1200,0,0,1198
asynchronous,sphere,8,16,1200,2,1.2373637883186923e-05,1200,1200,0,0,1198
asynchronous,sphere,8,16,1200,3,5.079673964774855e-07,1200,1200,0,0,1198
asynchronous,sphere,8,16,1200,4,9.061064305347654e-07,1200,1200,0,0,1198
asynchronous,sphere,8,16,1200,5,1.4347963917067706e-06,1200,1200,0,0,1198
asynchronous,sphere,8,16,1200,6,1.0552370469542445e-05,1200,1200,0,0,1198
asynchronous,sphere,8,16,1200,7,6.279216230177171e-07,1200,1200,0,0,1198
asynchronous,sphere,8,16,1200,8,1.8745554988086975e-05,1200,1200,0,0,1198
asynchronous,sphere,8,16,1200,9,4.307611802272558e-05,1200,1200,0,0,1198
asynchronous,sphere,8,16,1200,10,4.608471496363232e-08,1200,1200,0,0,1198
asynchronous,sphere,8,16,1200,11,8.817083573415499e-06,1200,1200,0,0,1198
generational,sphere,8,32,240,0,8.646433424197966,240,240,0,0,8
generational,sphere,8,32,240,1,4.291417631024917,240,240,0,0,8
generational,sphere,8,32,240,2,7.377694010545078,240,240,0,0,8
generational,sphere,8,32,240,3,5.410629964775373,240,240,0,0,8
generational,sphere,8,32,240,4,6.4379856226006655,240,240,0,0,8
generational,sphere,8,32,240,5,3.8139390551559016,240,240,0,0,8
generational,sphere,8,32,240,6,11.942120644307177,240,240,0,0,8
generational,sphere,8,32,240,7,8.75940385207714,240,240,0,0,8
generational,sphere,8,32,240,8,4.636781779823902,240,240,0,0,8
generational,sphere,8,32,240,9,4.0890664120841365,240,240,0,0,8
generational,sphere,8,32,240,10,8.986808213542409,240,240,0,0,8
generational,sphere,8,32,240,11,5.800513555690125,240,240,0,0,8
asynchronous,sphere,8,32,240,0,11.781038406682262,240,240,0,0,238
asynchronous,sphere,8,32,240,1,6.739550818555031,240,240,0,0,238
asynchronous,sphere,8,32,240,2,5.741053567456901,240,240,0,0,238
asynchronous,sphere,8,32,240,3,3.304159011111289,240,240,0,0,238
asynchronous,sphere,8,32,240,4,2.7977806210983953,240,240,0,0,238
asynchronous,sphere,8,32,240,5,6.739422397056033,240,240,0,0,238
asynchronous,sphere,8,32,240,6,3.954391225371497,240,240,0,0,238
asynchronous,sphere,8,32,240,7,5.107278734054789,240,240,0,0,238
asynchronous,sphere,8,32,240,8,7.013636383989483,240,240,0,0,238
asynchronous,sphere,8,32,240,9,4.331846359609191,240,240,0,0,238
asynchronous,sphere,8,32,240,10,5.383853471018889,240,240,0,0,238
asynchronous,sphere,8,32,240,11,1.1729573290453716,240,240,0,0,238
generational,sphere,8,32,600,0,0.6333995420476723,600,600,0,0,19
generational,sphere,8,32,600,1,0.65927642207072,600,600,0,0,19
generational,sphere,8,32,600,2,0.4523324838577722,600,600,0,0,19
generational,sphere,8,32,600,3,0.7046329336050621,600,600,0,0,19
generational,sphere,8,32,600,4,0.2305156142166459,600,600,0,0,19
generational,sphere,8,32,600,5,0.5694371129736218,600,600,0,0,19
generational,sphere,8,32,600,6,0.4810343551903057,600,600,0,0,19
generational,sphere,8,32,600,7,1.4745317611429731,600,600,0,0,19
generational,sphere,8,32,600,8,0.5434836269995956,600,600,0,0,19
generational,sphere,8,32,600,9,0.321315507305895,600,600,0,0,19
generational,sphere,8,32,600,10,0.6953628267411743,600,600,0,0,19
generational,sphere,8,32,600,11,0.5760192942800604,600,600,0,0,19
asynchronous,sphere,8,32,600,0,0.6307164271902972,600,600,0,0,598
asynchronous,sphere,8,32,600,1,0.22846603713179808,600,600,0,0,598
asynchronous,sphere,8,32,600,2,0.150216947399934,600,600,0,0,598
asynchronous,sphere,8,32,600,3,0.40439086733194657,600,600,0,0,598
asynchronous,sphere,8,32,600,4,0.3251441491028133,600,600,0,0,598
asynchronous,sphere,8,32,600,5,0.6571779703329971,600,600,0,0,598
asynchronous,sphere,8,32,600,6,0.723658960414414,600,600,0,0,598
asynchronous,sphere,8,32,600,7,0.5324438812126107,600,600,0,0,598
asynchronous,sphere,8,32,600,8,0.6420019285762817,600,600,0,0,598
asynchronous,sphere,8,32,600,9,0.4433079434277941,600,600,0,0,598
asynchronous,sphere,8,32,600,10,0.2861372227150506,600,600,0,0,598
asynchronous,sphere,8,32,600,11,0.12285041159114302,600,600,0,0,598
generational,sphere,8,32,1200,0,0.06007576724943603,1200,1200,0,0,38
generational,sphere,8,32,1200,1,0.013727786395445134,1200,1200,0,0,38
generational,sphere,8,32,1200,2,0.02670366196013273,1200,1200,0,0,38
generational,sphere,8,32,1200,3,0.019971615231486467,1200,1200,0,0,38
generational,sphere,8,32,1200,4,0.003901646192732761,1200,1200,0,0,38
generational,sphere,8,32,1200,5,0.01304534951647299,1200,1200,0,0,38
generational,sphere,8,32,1200,6,0.02313054931421024,1200,1200,0,0,38
generational,sphere,8,32,1200,7,0.06834029097568893,1200,1200,0,0,38
generational,sphere,8,32,1200,8,0.02202441478985208,1200,1200,0,0,38
generational,sphere,8,32,1200,9,0.018576078282033233,1200,1200,0,0,38
generational,sphere,8,32,1200,10,0.04228675639977211,1200,1200,0,0,38
generational,sphere,8,32,1200,11,0.020195153608496833,1200,1200,0,0,38
asynchronous,sphere,8,32,1200,0,0.005076065595201425,1200,1200,0,0,1198
asynchronous,sphere,8,32,1200,1,0.0011319059909428032,1200,1200,0,0,1198
asynchronous,sphere,8,32,1200,2,0.0017923188986973535,1200,1200,0,0,1198
asynchronous,sphere,8,32,1200,3,0.005410336060738386,1200,1200,0,0,1198
asynchronous,sphere,8,32,1200,4,0.0023102232295745,1200,1200,0,0,1198
asynchronous,sphere,8,32,1200,5,0.0059455600748870244,1200,1200,0,0,1198
asynchronous,sphere,8,32,1200,6,0.0072761852454097465,1200,1200,0,0,1198
asynchronous,sphere,8,32,1200,7,0.0036383869671458924,1200,1200,0,0,1198
asynchronous,sphere,8,32,1200,8,0.00423955889113232,1200,1200,0,0,1198
asynchronous,sphere,8,32,1200,9,0.003630267873193515,1200,1200,0,0,1198
asynchronous,sphere,8,32,1200,10,0.006565989869329686,1200,1200,0,0,1198
asynchronous,sphere,8,32,1200,11,0.0017712083271073065,1200,1200,0,0,1198
generational,ackley,8,8,240,0,2.0874403790199314,240,240,0,0,30
generational,ackley,8,8,240,1,2.2422394425400722,240,240,0,0,30
generational,ackley,8,8,240,2,1.5499542836265943,240,240,0,0,30
generational,ackley,8,8,240,3,1.6441435312878245,240,240,0,0,30
generational,ackley,8,8,240,4,2.896497826354406,240,240,0,0,30
generational,ackley,8,8,240,5,1.9769059519262986,240,240,0,0,30
generational,ackley,8,8,240,6,2.082252708773361,240,240,0,0,30
generational,ackley,8,8,240,7,3.4819553997643884,240,240,0,0,30
generational,ackley,8,8,240,8,4.498427862793793,240,240,0,0,30
generational,ackley,8,8,240,9,1.7337839383027398,240,240,0,0,30
generational,ackley,8,8,240,10,2.209184890614129,240,240,0,0,30
generational,ackley,8,8,240,11,1.4180602957096693,240,240,0,0,30
asynchronous,ackley,8,8,240,0,4.157797892176113,240,240,0,0,238
asynchronous,ackley,8,8,240,1,2.8550258348458866,240,240,0,0,238
asynchronous,ackley,8,8,240,2,2.1552469719279093,240,240,0,0,238
asynchronous,ackley,8,8,240,3,1.8643506303902524,240,240,0,0,238
asynchronous,ackley,8,8,240,4,1.999303470460124,240,240,0,0,238
asynchronous,ackley,8,8,240,5,2.093504534801028,240,240,0,0,238
asynchronous,ackley,8,8,240,6,1.523205476309347,240,240,0,0,238
asynchronous,ackley,8,8,240,7,1.932990368048046,240,240,0,0,238
asynchronous,ackley,8,8,240,8,2.18209101880985,240,240,0,0,238
asynchronous,ackley,8,8,240,9,2.175527923061932,240,240,0,0,238
asynchronous,ackley,8,8,240,10,1.9979905163218032,240,240,0,0,238
asynchronous,ackley,8,8,240,11,2.219911389116547,240,240,0,0,238
generational,ackley,8,8,600,0,1.3808910760703026,600,600,0,0,75
generational,ackley,8,8,600,1,1.3023954337811898,600,600,0,0,75
generational,ackley,8,8,600,2,1.2983867368363886,600,600,0,0,75
generational,ackley,8,8,600,3,1.3744636649878577,600,600,0,0,75
generational,ackley,8,8,600,4,1.3118431419475454,600,600,0,0,75
generational,ackley,8,8,600,5,0.05512903125078994,600,600,0,0,75
generational,ackley,8,8,600,6,1.8409764155499428,600,600,0,0,75
generational,ackley,8,8,600,7,2.578910464928882,600,600,0,0,75
generational,ackley,8,8,600,8,3.9671155394429474,600,600,0,0,75
generational,ackley,8,8,600,9,0.03812691975544569,600,600,0,0,75
generational,ackley,8,8,600,10,1.8402449594688126,600,600,0,0,75
generational,ackley,8,8,600,11,0.0328912367140437,600,600,0,0,75
asynchronous,ackley,8,8,600,0,2.2526714567098662,600,600,0,0,598
asynchronous,ackley,8,8,600,1,1.8774158205657234,600,600,0,0,598
asynchronous,ackley,8,8,600,2,1.8504136683374424,600,600,0,0,598
asynchronous,ackley,8,8,600,3,0.06874576675515032,600,600,0,0,598
asynchronous,ackley,8,8,600,4,1.2972536547091882,600,600,0,0,598
asynchronous,ackley,8,8,600,5,1.3414617595274128,600,600,0,0,598
asynchronous,ackley,8,8,600,6,1.306261474946052,600,600,0,0,598
asynchronous,ackley,8,8,600,7,1.2968668829027448,600,600,0,0,598
asynchronous,ackley,8,8,600,8,1.299378440884969,600,600,0,0,598
asynchronous,ackley,8,8,600,9,1.3211813957089302,600,600,0,0,598
asynchronous,ackley,8,8,600,10,0.04849996676947699,600,600,0,0,598
asynchronous,ackley,8,8,600,11,1.8406562540806317,600,600,0,0,598
generational,ackley,8,8,1200,0,1.2967405582914506,1200,1200,0,0,150
generational,ackley,8,8,1200,1,1.2970235327686166,1200,1200,0,0,150
generational,ackley,8,8,1200,2,1.2967829293971858,1200,1200,0,0,150
generational,ackley,8,8,1200,3,1.2967371179280502,1200,1200,0,0,150
generational,ackley,8,8,1200,4,1.2967367762766853,1200,1200,0,0,150
generational,ackley,8,8,1200,5,0.0031811616151071753,1200,1200,0,0,150
generational,ackley,8,8,1200,6,1.839993486496191,1200,1200,0,0,150
generational,ackley,8,8,1200,7,2.5785132307520056,1200,1200,0,0,150
generational,ackley,8,8,1200,8,3.9611109338831665,1200,1200,0,0,150
generational,ackley,8,8,1200,9,0.01366114907648397,1200,1200,0,0,150
generational,ackley,8,8,1200,10,1.8400078439534409,1200,1200,0,0,150
generational,ackley,8,8,1200,11,0.0063275776615516754,1200,1200,0,0,150
asynchronous,ackley,8,8,1200,0,2.245386495515952,1200,1200,0,0,1198
asynchronous,ackley,8,8,1200,1,1.8399960070497348,1200,1200,0,0,1198
asynchronous,ackley,8,8,1200,2,1.840381538944286,1200,1200,0,0,1198
asynchronous,ackley,8,8,1200,3,0.0017684590792659272,1200,1200,0,0,1198
asynchronous,ackley,8,8,1200,4,1.296729729960433,1200,1200,0,0,1198
asynchronous,ackley,8,8,1200,5,1.296754392000413,1200,1200,0,0,1198
asynchronous,ackley,8,8,1200,6,1.2967323151097472,1200,1200,0,0,1198
asynchronous,ackley,8,8,1200,7,1.2967297206878077,1200,1200,0,0,1198
asynchronous,ackley,8,8,1200,8,1.296738486977898,1200,1200,0,0,1198
asynchronous,ackley,8,8,1200,9,1.2970428855445175,1200,1200,0,0,1198
asynchronous,ackley,8,8,1200,10,0.001401828469941524,1200,1200,0,0,1198
asynchronous,ackley,8,8,1200,11,1.8399989690303085,1200,1200,0,0,1198
generational,ackley,8,16,240,0,3.3225814038461228,240,240,0,0,15
generational,ackley,8,16,240,1,3.382607933919552,240,240,0,0,15
generational,ackley,8,16,240,2,4.243520199465404,240,240,0,0,15
generational,ackley,8,16,240,3,2.815603129441261,240,240,0,0,15
generational,ackley,8,16,240,4,3.6896956014479163,240,240,0,0,15
generational,ackley,8,16,240,5,3.3483049052556884,240,240,0,0,15
generational,ackley,8,16,240,6,3.85534690677131,240,240,0,0,15
generational,ackley,8,16,240,7,4.299163630669405,240,240,0,0,15
generational,ackley,8,16,240,8,2.7289139890329825,240,240,0,0,15
generational,ackley,8,16,240,9,4.086566002613775,240,240,0,0,15
generational,ackley,8,16,240,10,3.282068981609577,240,240,0,0,15
generational,ackley,8,16,240,11,3.957537895198478,240,240,0,0,15
asynchronous,ackley,8,16,240,0,2.6390691731954417,240,240,0,0,238
asynchronous,ackley,8,16,240,1,3.1397840478665953,240,240,0,0,238
asynchronous,ackley,8,16,240,2,2.861333727682617,240,240,0,0,238
asynchronous,ackley,8,16,240,3,2.234336415720908,240,240,0,0,238
asynchronous,ackley,8,16,240,4,3.073371085461741,240,240,0,0,238
asynchronous,ackley,8,16,240,5,2.847588360210985,240,240,0,0,238
asynchronous,ackley,8,16,240,6,3.05140219061763,240,240,0,0,238
asynchronous,ackley,8,16,240,7,3.97031915767181,240,240,0,0,238
asynchronous,ackley,8,16,240,8,2.3838922956338995,240,240,0,0,238
asynchronous,ackley,8,16,240,9,3.1524950162776517,240,240,0,0,238
asynchronous,ackley,8,16,240,10,3.417740008324263,240,240,0,0,238
asynchronous,ackley,8,16,240,11,2.875454280228795,240,240,0,0,238
generational,ackley,8,16,600,0,0.7710357317497025,600,600,0,0,38
generational,ackley,8,16,600,1,0.6109117699498516,600,600,0,0,38
generational,ackley,8,16,600,2,0.7408592924343407,600,600,0,0,38
generational,ackley,8,16,600,3,0.1332344234847942,600,600,0,0,38
generational,ackley,8,16,600,4,0.3470612258151644,600,600,0,0,38
generational,ackley,8,16,600,5,0.23613679059224468,600,600,0,0,38
generational,ackley,8,16,600,6,0.6601829706184721,600,600,0,0,38
generational,ackley,8,16,600,7,1.2699124828739277,600,600,0,0,38
generational,ackley,8,16,600,8,0.33114486866518833,600,600,0,0,38
generational,ackley,8,16,600,9,0.2506149431032303,600,600,0,0,38
generational,ackley,8,16,600,10,0.539213684175746,600,600,0,0,38
generational,ackley,8,16,600,11,1.7426234510019367,600,600,0,0,38
asynchronous,ackley,8,16,600,0,0.2502941722862535,600,600,0,0,598
asynchronous,ackley,8,16,600,1,0.13662889625996089,600,600,0,0,598
asynchronous,ackley,8,16,600,2,0.23506242078922357,600,600,0,0,598
asynchronous,ackley,8,16,600,3,0.18798508694522242,600,600,0,0,598
asynchronous,ackley,8,16,600,4,1.313377527241347,600,600,0,0,598
asynchronous,ackley,8,16,600,5,0.11248019968046252,600,600,0,0,598
asynchronous,ackley,8,16,600,6,0.2632345199756654,600,600,0,0,598
asynchronous,ackley,8,16,600,7,0.2602591449829039,600,600,0,0,598
asynchronous,ackley,8,16,600,8,0.19916567921150774,600,600,0,0,598
asynchronous,ackley,8,16,600,9,0.2560614301860977,600,600,0,0,598
asynchronous,ackley,8,16,600,10,0.24017261112307908,600,600,0,0,598
asynchronous,ackley,8,16,600,11,0.16420499990046666,600,600,0,0,598
generational,ackley,8,16,1200,0,0.013728701975580737,1200,1200,0,0,75
generational,ackley,8,16,1200,1,0.016144433177001094,1200,1200,0,0,75
generational,ackley,8,16,1200,2,0.016839008352761642,1200,1200,0,0,75
generational,ackley,8,16,1200,3,0.004659685700581395,1200,1200,0,0,75
generational,ackley,8,16,1200,4,0.005092952596186695,1200,1200,0,0,75
generational,ackley,8,16,1200,5,0.004522570901216216,1200,1200,0,0,75
generational,ackley,8,16,1200,6,0.011243783503808391,1200,1200,0,0,75
generational,ackley,8,16,1200,7,0.01993064656669974,1200,1200,0,0,75
generational,ackley,8,16,1200,8,0.005295096726364523,1200,1200,0,0,75
generational,ackley,8,16,1200,9,0.007407139122620254,1200,1200,0,0,75
generational,ackley,8,16,1200,10,0.007820131279196563,1200,1200,0,0,75
generational,ackley,8,16,1200,11,1.297076485685278,1200,1200,0,0,75
asynchronous,ackley,8,16,1200,0,0.0022577980371889517,1200,1200,0,0,1198
asynchronous,ackley,8,16,1200,1,0.0031258258252866433,1200,1200,0,0,1198
asynchronous,ackley,8,16,1200,2,0.0021284152075051743,1200,1200,0,0,1198
asynchronous,ackley,8,16,1200,3,0.0016158044086229673,1200,1200,0,0,1198
asynchronous,ackley,8,16,1200,4,1.2967363762412458,1200,1200,0,0,1198
asynchronous,ackley,8,16,1200,5,0.0018988805135085052,1200,1200,0,0,1198
asynchronous,ackley,8,16,1200,6,0.001284525646671586,1200,1200,0,0,1198
asynchronous,ackley,8,16,1200,7,0.0025257670006912925,1200,1200,0,0,1198
asynchronous,ackley,8,16,1200,8,0.004520859476525363,1200,1200,0,0,1198
asynchronous,ackley,8,16,1200,9,0.0037234955788680857,1200,1200,0,0,1198
asynchronous,ackley,8,16,1200,10,0.0024708791932579466,1200,1200,0,0,1198
asynchronous,ackley,8,16,1200,11,0.0021448690369720858,1200,1200,0,0,1198
generational,ackley,8,32,240,0,4.476613263490211,240,240,0,0,8
generational,ackley,8,32,240,1,4.945384440684485,240,240,0,0,8
generational,ackley,8,32,240,2,5.490973923135847,240,240,0,0,8
generational,ackley,8,32,240,3,4.267545292011938,240,240,0,0,8
generational,ackley,8,32,240,4,5.059521106481512,240,240,0,0,8
generational,ackley,8,32,240,5,4.488048578672025,240,240,0,0,8
generational,ackley,8,32,240,6,5.462545221744556,240,240,0,0,8
generational,ackley,8,32,240,7,5.335724115908768,240,240,0,0,8
generational,ackley,8,32,240,8,4.0924735338373175,240,240,0,0,8
generational,ackley,8,32,240,9,4.388112622327814,240,240,0,0,8
generational,ackley,8,32,240,10,3.468441684450053,240,240,0,0,8
generational,ackley,8,32,240,11,4.990785703384201,240,240,0,0,8
asynchronous,ackley,8,32,240,0,4.625246052168354,240,240,0,0,238
asynchronous,ackley,8,32,240,1,4.411220499561143,240,240,0,0,238
asynchronous,ackley,8,32,240,2,5.248566167301117,240,240,0,0,238
asynchronous,ackley,8,32,240,3,5.047454381615381,240,240,0,0,238
asynchronous,ackley,8,32,240,4,4.1325354210633165,240,240,0,0,238
asynchronous,ackley,8,32,240,5,2.7998622849003465,240,240,0,0,238
asynchronous,ackley,8,32,240,6,4.5387096746025755,240,240,0,0,238
asynchronous,ackley,8,32,240,7,4.624826663144987,240,240,0,0,238
asynchronous,ackley,8,32,240,8,4.066282255706589,240,240,0,0,238
asynchronous,ackley,8,32,240,9,3.7358389047207976,240,240,0,0,238
asynchronous,ackley,8,32,240,10,4.196227270954758,240,240,0,0,238
asynchronous,ackley,8,32,240,11,3.6669621081206683,240,240,0,0,238
generational,ackley,8,32,600,0,2.851999207244312,600,600,0,0,19
generational,ackley,8,32,600,1,2.855068075359665,600,600,0,0,19
generational,ackley,8,32,600,2,2.642813069894839,600,600,0,0,19
generational,ackley,8,32,600,3,2.425836159847702,600,600,0,0,19
generational,ackley,8,32,600,4,3.1171141393042636,600,600,0,0,19
generational,ackley,8,32,600,5,2.3798789757240866,600,600,0,0,19
generational,ackley,8,32,600,6,3.3931531384167966,600,600,0,0,19
generational,ackley,8,32,600,7,3.2099473715635303,600,600,0,0,19
generational,ackley,8,32,600,8,2.1756549632774917,600,600,0,0,19
generational,ackley,8,32,600,9,2.5899252688662746,600,600,0,0,19
generational,ackley,8,32,600,10,2.4961868770989715,600,600,0,0,19
generational,ackley,8,32,600,11,3.203873900871305,600,600,0,0,19
asynchronous,ackley,8,32,600,0,3.558267376896826,600,600,0,0,598
asynchronous,ackley,8,32,600,1,1.2991117070739837,600,600,0,0,598
asynchronous,ackley,8,32,600,2,2.6296150359935777,600,600,0,0,598
asynchronous,ackley,8,32,600,3,1.8409990476773577,600,600,0,0,598
asynchronous,ackley,8,32,600,4,1.9902937168237966,600,600,0,0,598
asynchronous,ackley,8,32,600,5,1.3989842765845784,600,600,0,0,598
asynchronous,ackley,8,32,600,6,2.3328814691739663,600,600,0,0,598
asynchronous,ackley,8,32,600,7,2.2452770741492007,600,600,0,0,598
asynchronous,ackley,8,32,600,8,1.629986795838715,600,600,0,0,598
asynchronous,ackley,8,32,600,9,1.954739189405125,600,600,0,0,598
asynchronous,ackley,8,32,600,10,1.9704994920967747,600,600,0,0,598
asynchronous,ackley,8,32,600,11,2.787833158322148,600,600,0,0,598
generational,ackley,8,32,1200,0,0.6615028543064345,1200,1200,0,0,38
generational,ackley,8,32,1200,1,0.11980128015929781,1200,1200,0,0,38
generational,ackley,8,32,1200,2,0.6166967338060165,1200,1200,0,0,38
generational,ackley,8,32,1200,3,0.3374596406873853,1200,1200,0,0,38
generational,ackley,8,32,1200,4,0.5317637233694765,1200,1200,0,0,38
generational,ackley,8,32,1200,5,0.5542299272351277,1200,1200,0,0,38
generational,ackley,8,32,1200,6,1.1791503921253441,1200,1200,0,0,38
generational,ackley,8,32,1200,7,0.5918487026076282,1200,1200,0,0,38
generational,ackley,8,32,1200,8,0.30868785973855895,1200,1200,0,0,38
generational,ackley,8,32,1200,9,0.532257212286432,1200,1200,0,0,38
generational,ackley,8,32,1200,10,0.39549356861803675,1200,1200,0,0,38
generational,ackley,8,32,1200,11,0.6012423067098465,1200,1200,0,0,38
asynchronous,ackley,8,32,1200,0,1.5137726531016829,1200,1200,0,0,1198
asynchronous,ackley,8,32,1200,1,0.11759448708191345,1200,1200,0,0,1198
asynchronous,ackley,8,32,1200,2,0.27471269638223506,1200,1200,0,0,1198
asynchronous,ackley,8,32,1200,3,0.10551005237127642,1200,1200,0,0,1198
asynchronous,ackley,8,32,1200,4,0.14257487204871255,1200,1200,0,0,1198
asynchronous,ackley,8,32,1200,5,0.06323028359117489,1200,1200,0,0,1198
asynchronous,ackley,8,32,1200,6,0.2790496075196214,1200,1200,0,0,1198
asynchronous,ackley,8,32,1200,7,0.15917948394630033,1200,1200,0,0,1198
asynchronous,ackley,8,32,1200,8,0.15004499787593462,1200,1200,0,0,1198
asynchronous,ackley,8,32,1200,9,0.10821035436261939,1200,1200,0,0,1198
asynchronous,ackley,8,32,1200,10,0.17904343078453921,1200,1200,0,0,1198
asynchronous,ackley,8,32,1200,11,0.13729820869235754,1200,1200,0,0,1198
generational,rosenbrock,8,8,240,0,192.9385589157918,240,240,0,0,30
generational,rosenbrock,8,8,240,1,233.0230980122484,240,240,0,0,30
generational,rosenbrock,8,8,240,2,66.71178310177773,240,240,0,0,30
generational,rosenbrock,8,8,240,3,214.68351569519552,240,240,0,0,30
generational,rosenbrock,8,8,240,4,68.13207142902634,240,240,0,0,30
generational,rosenbrock,8,8,240,5,39.64984303105985,240,240,0,0,30
generational,rosenbrock,8,8,240,6,232.65369743269082,240,240,0,0,30
generational,rosenbrock,8,8,240,7,405.5582469131739,240,240,0,0,30
generational,rosenbrock,8,8,240,8,31.622975066736846,240,240,0,0,30
generational,rosenbrock,8,8,240,9,28.53798005128234,240,240,0,0,30
generational,rosenbrock,8,8,240,10,25.790698348537365,240,240,0,0,30
generational,rosenbrock,8,8,240,11,28.703896949236963,240,240,0,0,30
asynchronous,rosenbrock,8,8,240,0,54.53657937842936,240,240,0,0,238
asynchronous,rosenbrock,8,8,240,1,87.67541742254836,240,240,0,0,238
asynchronous,rosenbrock,8,8,240,2,275.14423683252437,240,240,0,0,238
asynchronous,rosenbrock,8,8,240,3,9.625398754863747,240,240,0,0,238
asynchronous,rosenbrock,8,8,240,4,89.69533726372525,240,240,0,0,238
asynchronous,rosenbrock,8,8,240,5,56.890894040265,240,240,0,0,238
asynchronous,rosenbrock,8,8,240,6,80.08717357480674,240,240,0,0,238
asynchronous,rosenbrock,8,8,240,7,184.89031010610282,240,240,0,0,238
asynchronous,rosenbrock,8,8,240,8,24.73182619798311,240,240,0,0,238
asynchronous,rosenbrock,8,8,240,9,241.1482520967465,240,240,0,0,238
asynchronous,rosenbrock,8,8,240,10,61.48123958339598,240,240,0,0,238
asynchronous,rosenbrock,8,8,240,11,125.52390631117586,240,240,0,0,238
generational,rosenbrock,8,8,600,0,10.264750170893231,600,600,0,0,75
generational,rosenbrock,8,8,600,1,37.961676335501544,600,600,0,0,75
generational,rosenbrock,8,8,600,2,6.691170908778212,600,600,0,0,75
generational,rosenbrock,8,8,600,3,37.94955562483213,600,600,0,0,75
generational,rosenbrock,8,8,600,4,5.303166229680586,600,600,0,0,75
generational,rosenbrock,8,8,600,5,4.522487617551917,600,600,0,0,75
generational,rosenbrock,8,8,600,6,58.64846419597852,600,600,0,0,75
generational,rosenbrock,8,8,600,7,39.28115483945028,600,600,0,0,75
generational,rosenbrock,8,8,600,8,7.31046309543312,600,600,0,0,75
generational,rosenbrock,8,8,600,9,5.710499088109376,600,600,0,0,75
generational,rosenbrock,8,8,600,10,0.19190755966982,600,600,0,0,75
generational,rosenbrock,8,8,600,11,8.25840507383319,600,600,0,0,75
asynchronous,rosenbrock,8,8,600,0,8.468192395502134,600,600,0,0,598
asynchronous,rosenbrock,8,8,600,1,50.609514519866465,600,600,0,0,598
asynchronous,rosenbrock,8,8,600,2,123.9586225242526,600,600,0,0,598
asynchronous,rosenbrock,8,8,600,3,3.176954924149606,600,600,0,0,598
asynchronous,rosenbrock,8,8,600,4,8.110849977428332,600,600,0,0,598
asynchronous,rosenbrock,8,8,600,5,6.780636364130179,600,600,0,0,598
asynchronous,rosenbrock,8,8,600,6,15.53691474352646,600,600,0,0,598
asynchronous,rosenbrock,8,8,600,7,20.735691179014285,600,600,0,0,598
asynchronous,rosenbrock,8,8,600,8,4.873401100611196,600,600,0,0,598
asynchronous,rosenbrock,8,8,600,9,135.5976581627806,600,600,0,0,598
asynchronous,rosenbrock,8,8,600,10,43.914637839957415,600,600,0,0,598
asynchronous,rosenbrock,8,8,600,11,12.661629288769022,600,600,0,0,598
generational,rosenbrock,8,8,1200,0,1.2922805865340803,1200,1200,0,0,150
generational,rosenbrock,8,8,1200,1,6.142710778691237,1200,1200,0,0,150
generational,rosenbrock,8,8,1200,2,6.423623456820153,1200,1200,0,0,150
generational,rosenbrock,8,8,1200,3,7.679314763907769,1200,1200,0,0,150
generational,rosenbrock,8,8,1200,4,3.901887952178498,1200,1200,0,0,150
generational,rosenbrock,8,8,1200,5,3.287899670901756,1200,1200,0,0,150
generational,rosenbrock,8,8,1200,6,25.698815435074994,1200,1200,0,0,150
generational,rosenbrock,8,8,1200,7,6.610990754184086,1200,1200,0,0,150
generational,rosenbrock,8,8,1200,8,7.279796632861087,1200,1200,0,0,150
generational,rosenbrock,8,8,1200,9,5.051756169807875,1200,1200,0,0,150
generational,rosenbrock,8,8,1200,10,0.1439007751932938,1200,1200,0,0,150
generational,rosenbrock,8,8,1200,11,7.029463271469241,1200,1200,0,0,150
asynchronous,rosenbrock,8,8,1200,0,5.30287061686905,1200,1200,0,0,1198
asynchronous,rosenbrock,8,8,1200,1,43.37446280015391,1200,1200,0,0,1198
asynchronous,rosenbrock,8,8,1200,2,79.34136952937736,1200,1200,0,0,1198
asynchronous,rosenbrock,8,8,1200,3,3.0781236260392544,1200,1200,0,0,1198
asynchronous,rosenbrock,8,8,1200,4,7.10134396092674,1200,1200,0,0,1198
asynchronous,rosenbrock,8,8,1200,5,5.530917319342304,1200,1200,0,0,1198
asynchronous,rosenbrock,8,8,1200,6,6.868595371137463,1200,1200,0,0,1198
asynchronous,rosenbrock,8,8,1200,7,20.200687005650444,1200,1200,0,0,1198
asynchronous,rosenbrock,8,8,1200,8,4.611773603237865,1200,1200,0,0,1198
asynchronous,rosenbrock,8,8,1200,9,43.20074034726192,1200,1200,0,0,1198
asynchronous,rosenbrock,8,8,1200,10,43.510133911678125,1200,1200,0,0,1198
asynchronous,rosenbrock,8,8,1200,11,6.060961933272307,1200,1200,0,0,1198
generational,rosenbrock,8,16,240,0,249.31398390347243,240,240,0,0,15
generational,rosenbrock,8,16,240,1,144.7399411923211,240,240,0,0,15
generational,rosenbrock,8,16,240,2,801.9417191211528,240,240,0,0,15
generational,rosenbrock,8,16,240,3,298.2845973074503,240,240,0,0,15
generational,rosenbrock,8,16,240,4,182.99522117318807,240,240,0,0,15
generational,rosenbrock,8,16,240,5,230.33746191411637,240,240,0,0,15
generational,rosenbrock,8,16,240,6,226.36941542417856,240,240,0,0,15
generational,rosenbrock,8,16,240,7,1058.7306917452556,240,240,0,0,15
generational,rosenbrock,8,16,240,8,902.019108322423,240,240,0,0,15
generational,rosenbrock,8,16,240,9,248.71249039047518,240,240,0,0,15
generational,rosenbrock,8,16,240,10,201.61065077502562,240,240,0,0,15
generational,rosenbrock,8,16,240,11,741.892165515913,240,240,0,0,15
asynchronous,rosenbrock,8,16,240,0,561.6028997169954,240,240,0,0,238
asynchronous,rosenbrock,8,16,240,1,731.4580897899561,240,240,0,0,238
asynchronous,rosenbrock,8,16,240,2,547.1573707478065,240,240,0,0,238
asynchronous,rosenbrock,8,16,240,3,107.29334592163431,240,240,0,0,238
asynchronous,rosenbrock,8,16,240,4,143.31158176432373,240,240,0,0,238
asynchronous,rosenbrock,8,16,240,5,131.551780126146,240,240,0,0,238
asynchronous,rosenbrock,8,16,240,6,175.7429883021258,240,240,0,0,238
asynchronous,rosenbrock,8,16,240,7,218.66274325886812,240,240,0,0,238
asynchronous,rosenbrock,8,16,240,8,293.89793132262105,240,240,0,0,238
asynchronous,rosenbrock,8,16,240,9,40.943283143670584,240,240,0,0,238
asynchronous,rosenbrock,8,16,240,10,78.9430521087001,240,240,0,0,238
asynchronous,rosenbrock,8,16,240,11,454.5722819181433,240,240,0,0,238
generational,rosenbrock,8,16,600,0,13.707386662638013,600,600,0,0,38
generational,rosenbrock,8,16,600,1,6.643046740606368,600,600,0,0,38
generational,rosenbrock,8,16,600,2,123.34842983803108,600,600,0,0,38
generational,rosenbrock,8,16,600,3,17.764020112220877,600,600,0,0,38
generational,rosenbrock,8,16,600,4,51.18879110737326,600,600,0,0,38
generational,rosenbrock,8,16,600,5,22.480990730853392,600,600,0,0,38
generational,rosenbrock,8,16,600,6,16.218877746358267,600,600,0,0,38
generational,rosenbrock,8,16,600,7,14.807371771565405,600,600,0,0,38
generational,rosenbrock,8,16,600,8,16.939781421684238,600,600,0,0,38
generational,rosenbrock,8,16,600,9,78.59663563251333,600,600,0,0,38
generational,rosenbrock,8,16,600,10,17.239702159712685,600,600,0,0,38
generational,rosenbrock,8,16,600,11,8.439554007997163,600,600,0,0,38
asynchronous,rosenbrock,8,16,600,0,39.666367309541855,600,600,0,0,598
asynchronous,rosenbrock,8,16,600,1,12.523447989819989,600,600,0,0,598
asynchronous,rosenbrock,8,16,600,2,23.42385464223003,600,600,0,0,598
asynchronous,rosenbrock,8,16,600,3,7.218203785200645,600,600,0,0,598
asynchronous,rosenbrock,8,16,600,4,15.999864336821709,600,600,0,0,598
asynchronous,rosenbrock,8,16,600,5,10.792208514108795,600,600,0,0,598
asynchronous,rosenbrock,8,16,600,6,20.924812903935383,600,600,0,0,598
asynchronous,rosenbrock,8,16,600,7,9.118249400723299,600,600,0,0,598
asynchronous,rosenbrock,8,16,600,8,84.72350467897266,600,600,0,0,598
asynchronous,rosenbrock,8,16,600,9,7.718409427613935,600,600,0,0,598
asynchronous,rosenbrock,8,16,600,10,11.936454676533842,600,600,0,0,598
asynchronous,rosenbrock,8,16,600,11,6.397039371397947,600,600,0,0,598
generational,rosenbrock,8,16,1200,0,4.729222490262546,1200,1200,0,0,75
generational,rosenbrock,8,16,1200,1,2.0403435897939675,1200,1200,0,0,75
generational,rosenbrock,8,16,1200,2,66.4325651955045,1200,1200,0,0,75
generational,rosenbrock,8,16,1200,3,7.1443162001162515,1200,1200,0,0,75
generational,rosenbrock,8,16,1200,4,4.217947305132516,1200,1200,0,0,75
generational,rosenbrock,8,16,1200,5,6.521270332254023,1200,1200,0,0,75
generational,rosenbrock,8,16,1200,6,4.192847721051299,1200,1200,0,0,75
generational,rosenbrock,8,16,1200,7,5.412065004007113,1200,1200,0,0,75
generational,rosenbrock,8,16,1200,8,0.9891388892832547,1200,1200,0,0,75
generational,rosenbrock,8,16,1200,9,6.053161739245653,1200,1200,0,0,75
generational,rosenbrock,8,16,1200,10,3.4621553314441815,1200,1200,0,0,75
generational,rosenbrock,8,16,1200,11,5.059918693956621,1200,1200,0,0,75
asynchronous,rosenbrock,8,16,1200,0,7.321330071682287,1200,1200,0,0,1198
asynchronous,rosenbrock,8,16,1200,1,6.1145886301519905,1200,1200,0,0,1198
asynchronous,rosenbrock,8,16,1200,2,4.035772305636016,1200,1200,0,0,1198
asynchronous,rosenbrock,8,16,1200,3,4.426618510720069,1200,1200,0,0,1198
asynchronous,rosenbrock,8,16,1200,4,5.002280236369229,1200,1200,0,0,1198
asynchronous,rosenbrock,8,16,1200,5,4.047603528190587,1200,1200,0,0,1198
asynchronous,rosenbrock,8,16,1200,6,6.5378536818812885,1200,1200,0,0,1198
asynchronous,rosenbrock,8,16,1200,7,4.989608584998318,1200,1200,0,0,1198
asynchronous,rosenbrock,8,16,1200,8,1.1814621829483014,1200,1200,0,0,1198
asynchronous,rosenbrock,8,16,1200,9,5.031003656609386,1200,1200,0,0,1198
asynchronous,rosenbrock,8,16,1200,10,5.163271363097697,1200,1200,0,0,1198
asynchronous,rosenbrock,8,16,1200,11,3.6297642851949306,1200,1200,0,0,1198
generational,rosenbrock,8,32,240,0,2557.648245963787,240,240,0,0,8
generational,rosenbrock,8,32,240,1,1674.6682567646224,240,240,0,0,8
generational,rosenbrock,8,32,240,2,1107.630363592419,240,240,0,0,8
generational,rosenbrock,8,32,240,3,719.7871085099489,240,240,0,0,8
generational,rosenbrock,8,32,240,4,832.1516523664677,240,240,0,0,8
generational,rosenbrock,8,32,240,5,1173.5430057606366,240,240,0,0,8
generational,rosenbrock,8,32,240,6,316.6270880042262,240,240,0,0,8
generational,rosenbrock,8,32,240,7,1568.1481231287241,240,240,0,0,8
generational,rosenbrock,8,32,240,8,1325.1031557812594,240,240,0,0,8
generational,rosenbrock,8,32,240,9,367.34350687719353,240,240,0,0,8
generational,rosenbrock,8,32,240,10,911.3064304700812,240,240,0,0,8
generational,rosenbrock,8,32,240,11,555.3777769442095,240,240,0,0,8
asynchronous,rosenbrock,8,32,240,0,1172.7965694144048,240,240,0,0,238
asynchronous,rosenbrock,8,32,240,1,1116.5611553865367,240,240,0,0,238
asynchronous,rosenbrock,8,32,240,2,315.0978632912831,240,240,0,0,238
asynchronous,rosenbrock,8,32,240,3,840.5384065713886,240,240,0,0,238
asynchronous,rosenbrock,8,32,240,4,3705.124566196897,240,240,0,0,238
asynchronous,rosenbrock,8,32,240,5,1804.3802506892548,240,240,0,0,238
asynchronous,rosenbrock,8,32,240,6,451.6439924434256,240,240,0,0,238
asynchronous,rosenbrock,8,32,240,7,1375.935521803944,240,240,0,0,238
asynchronous,rosenbrock,8,32,240,8,1265.7036155507358,240,240,0,0,238
asynchronous,rosenbrock,8,32,240,9,617.2177593022005,240,240,0,0,238
asynchronous,rosenbrock,8,32,240,10,395.5399059734459,240,240,0,0,238
asynchronous,rosenbrock,8,32,240,11,308.41127167264847,240,240,0,0,238
generational,rosenbrock,8,32,600,0,50.160656623373384,600,600,0,0,19
generational,rosenbrock,8,32,600,1,170.69021099644354,600,600,0,0,19
generational,rosenbrock,8,32,600,2,68.79869595386981,600,600,0,0,19
generational,rosenbrock,8,32,600,3,235.52274468536882,600,600,0,0,19
generational,rosenbrock,8,32,600,4,89.65269252529616,600,600,0,0,19
generational,rosenbrock,8,32,600,5,56.394672066855414,600,600,0,0,19
generational,rosenbrock,8,32,600,6,73.89135308086222,600,600,0,0,19
generational,rosenbrock,8,32,600,7,215.9944660263682,600,600,0,0,19
generational,rosenbrock,8,32,600,8,128.94551951628074,600,600,0,0,19
generational,rosenbrock,8,32,600,9,84.51454450169909,600,600,0,0,19
generational,rosenbrock,8,32,600,10,60.43242793276697,600,600,0,0,19
generational,rosenbrock,8,32,600,11,202.39877263469094,600,600,0,0,19
asynchronous,rosenbrock,8,32,600,0,50.15382983582022,600,600,0,0,598
asynchronous,rosenbrock,8,32,600,1,71.57557240389903,600,600,0,0,598
asynchronous,rosenbrock,8,32,600,2,141.5973235990577,600,600,0,0,598
asynchronous,rosenbrock,8,32,600,3,58.91359409238613,600,600,0,0,598
asynchronous,rosenbrock,8,32,600,4,70.87860442764497,600,600,0,0,598
asynchronous,rosenbrock,8,32,600,5,45.00379504632731,600,600,0,0,598
asynchronous,rosenbrock,8,32,600,6,125.5091258119972,600,600,0,0,598
asynchronous,rosenbrock,8,32,600,7,29.42510715468626,600,600,0,0,598
asynchronous,rosenbrock,8,32,600,8,121.62072330544316,600,600,0,0,598
asynchronous,rosenbrock,8,32,600,9,176.793762591428,600,600,0,0,598
asynchronous,rosenbrock,8,32,600,10,44.344191317824695,600,600,0,0,598
asynchronous,rosenbrock,8,32,600,11,21.792508638595724,600,600,0,0,598
generational,rosenbrock,8,32,1200,0,8.805525690426684,1200,1200,0,0,38
generational,rosenbrock,8,32,1200,1,6.542107356714913,1200,1200,0,0,38
generational,rosenbrock,8,32,1200,2,7.473378144123668,1200,1200,0,0,38
generational,rosenbrock,8,32,1200,3,47.8527618114468,1200,1200,0,0,38
generational,rosenbrock,8,32,1200,4,8.855051623810342,1200,1200,0,0,38
generational,rosenbrock,8,32,1200,5,7.538296629736478,1200,1200,0,0,38
generational,rosenbrock,8,32,1200,6,12.645717417096042,1200,1200,0,0,38
generational,rosenbrock,8,32,1200,7,14.028634211245679,1200,1200,0,0,38
generational,rosenbrock,8,32,1200,8,30.49535925954831,1200,1200,0,0,38
generational,rosenbrock,8,32,1200,9,7.78253111166817,1200,1200,0,0,38
generational,rosenbrock,8,32,1200,10,9.028057949919402,1200,1200,0,0,38
generational,rosenbrock,8,32,1200,11,16.62952347167593,1200,1200,0,0,38
asynchronous,rosenbrock,8,32,1200,0,9.58658304317756,1200,1200,0,0,1198
asynchronous,rosenbrock,8,32,1200,1,11.812110021164022,1200,1200,0,0,1198
asynchronous,rosenbrock,8,32,1200,2,57.17484666275743,1200,1200,0,0,1198
asynchronous,rosenbrock,8,32,1200,3,10.330840551498177,1200,1200,0,0,1198
asynchronous,rosenbrock,8,32,1200,4,7.98313131819202,1200,1200,0,0,1198
asynchronous,rosenbrock,8,32,1200,5,8.199542790091677,1200,1200,0,0,1198
asynchronous,rosenbrock,8,32,1200,6,24.52513808985222,1200,1200,0,0,1198
asynchronous,rosenbrock,8,32,1200,7,9.674343681932378,1200,1200,0,0,1198
asynchronous,rosenbrock,8,32,1200,8,8.207050290909251,1200,1200,0,0,1198
asynchronous,rosenbrock,8,32,1200,9,9.279264570045754,1200,1200,0,0,1198
asynchronous,rosenbrock,8,32,1200,10,8.269288716415744,1200,1200,0,0,1198
asynchronous,rosenbrock,8,32,1200,11,6.873904098685086,1200,1200,0,0,1198
